Event,Date,Round,Heat,Position,Draw,3 to go,2.5 to go,2 to go,1.5 to go,1 to go,0.5 to go,PL,Finish,Video
2023 Milton NC,,R1,1,1,DODYK Ryan,DODYK Ryan,DODYK Ryan,DODYK Ryan,RICHARDSON Matthew,RICHARDSON Matthew,RICHARDSON Matthew,RICHARDSON Matthew,RICHARDSON Matthew,https://youtu.be/l5dVPGKj3ks
2023 Milton NC,,R1,1,2,RICHARDSON Matthew,RICHARDSON Matthew,RICHARDSON Matthew,RICHARDSON Matthew,KANG Shih Feng,KANG Shih Feng,KANG Shih Feng,KANG Shih Feng,KANG Shih Feng,https://youtu.be/l5dVPGKj3ks
2023 Milton NC,,R1,1,3,CECHMAN Martin,CECHMAN Martin,CECHMAN Martin,CECHMAN Martin,DODYK Ryan,DODYK Ryan,DODYK Ryan,DODYK Ryan,DODYK Ryan,https://youtu.be/l5dVPGKj3ks
2023 Milton NC,,R1,1,4,KANG Shih Feng,KANG Shih Feng,KANG Shih Feng,KANG Shih Feng,CECHMAN Martin,CECHMAN Martin,CECHMAN Martin,CECHMAN Martin,CECHMAN Martin,https://youtu.be/l5dVPGKj3ks
2023 Milton NC,,R1,2,1,SARNECKI Rafal,SARNECKI Rafal,SARNECKI Rafal,SARNECKI Rafal,SARNECKI Rafal,SAUNDERS Callum,SAUNDERS Callum,QUINTERO CHAVARRO Kevin Santiago,QUINTERO CHAVARRO Kevin Santiago,https://youtu.be/Njuntb0LjJ0
2023 Milton NC,,R1,2,2,SAUNDERS Callum,SAUNDERS Callum,SAUNDERS Callum,SAUNDERS Callum,SAUNDERS Callum,BIANCHI Matteo,BIANCHI Matteo,SAUNDERS Callum,SZALONTAY Sandor,https://youtu.be/Njuntb0LjJ0
2023 Milton NC,,R1,2,3,QUINTERO CHAVARRO Kevin Santiago,QUINTERO CHAVARRO Kevin Santiago,QUINTERO CHAVARRO Kevin Santiago,QUINTERO CHAVARRO Kevin Santiago,BIANCHI Matteo,QUINTERO CHAVARRO Kevin Santiago,QUINTERO CHAVARRO Kevin Santiago,SZALONTAY Sandor,SAUNDERS Callum,https://youtu.be/Njuntb0LjJ0
2023 Milton NC,,R1,2,4,SZALONTAY Sandor,SZALONTAY Sandor,SZALONTAY Sandor,BIANCHI Matteo,QUINTERO CHAVARRO Kevin Santiago,SARNECKI Rafal,SARNECKI Rafal,BIANCHI Matteo,BIANCHI Matteo,https://youtu.be/Njuntb0LjJ0
2023 Milton NC,,R1,2,5,BIANCHI Matteo,BIANCHI Matteo,BIANCHI Matteo,SZALONTAY Sandor,HSIEH Nien Hsing,HSIEH Nien Hsing,SZALONTAY Sandor,SARNECKI Rafal,SARNECKI Rafal,https://youtu.be/Njuntb0LjJ0
2023 Milton NC,,R1,2,6,HSIEH Nien Hsing,HSIEH Nien Hsing,HSIEH Nien Hsing,HSIEH Nien Hsing,SZALONTAY Sandor,SZALONTAY Sandor,HSIEH Nien Hsing,HSIEH Nien Hsing,HSIEH Nien Hsing,https://youtu.be/Njuntb0LjJ0
2023 Milton NC,,R1,3,1,VILAR Lucas Oscar,JURCZYK Marc,JURCZYK Marc,CHUGAY Andrey,CHUGAY Andrey,JURCZYK Marc,JURCZYK Marc,JURCZYK Marc,LIU Qi,https://youtu.be/HNdBDv0zMdU
2023 Milton NC,,R1,3,2,PREDOMO Mattia,VILAR Lucas Oscar,LIU Qi,JURCZYK Marc,JURCZYK Marc,CHUGAY Andrey,LIU Qi,LIU Qi,JURCZYK Marc,https://youtu.be/HNdBDv0zMdU
2023 Milton NC,,R1,3,3,RAMIREZ MORALES Santiago,LIU Qi,CHUGAY Andrey,LIU Qi,LIU Qi,LIU Qi,RAMIREZ MORALES Santiago,RAMIREZ MORALES Santiago,RAMIREZ MORALES Santiago,https://youtu.be/HNdBDv0zMdU
2023 Milton NC,,R1,3,4,CHUGAY Andrey,PREDOMO Mattia,VILAR Lucas Oscar,PREDOMO Mattia,RAMIREZ MORALES Santiago,RAMIREZ MORALES Santiago,CHUGAY Andrey,VILAR Lucas Oscar,VILAR Lucas Oscar,https://youtu.be/HNdBDv0zMdU
2023 Milton NC,,R1,3,5,JURCZYK Marc,RAMIREZ MORALES Santiago,RAMIREZ MORALES Santiago,RAMIREZ MORALES Santiago,PREDOMO Mattia,VILAR Lucas Oscar,VILAR Lucas Oscar,CHUGAY Andrey,CHUGAY Andrey,https://youtu.be/HNdBDv0zMdU
2023 Milton NC,,R1,3,6,LIU Qi,CHUGAY Andrey,PREDOMO Mattia,VILAR Lucas Oscar,VILAR Lucas Oscar,PREDOMO Mattia,PREDOMO Mattia,PREDOMO Mattia,PREDOMO Mattia,https://youtu.be/HNdBDv0zMdU
2023 Milton NC,,R1,4,1,LENDEL Vasilijus,LENDEL Vasilijus,BROWNE Kwesi,LENDEL Vasilijus,ANGSUTHASAWIT Jai,ANGSUTHASAWIT Jai,ANGSUTHASAWIT Jai,ANGSUTHASAWIT Jai,ANGSUTHASAWIT Jai,https://youtu.be/RiOIrwl7vCE
2023 Milton NC,,R1,4,2,MOHD ZONIS Muhammad Fadh,MOHD ZONIS Muhammad Fadh,LENDEL Vasilijus,MOHD ZONIS Muhammad Fadh,LENDEL Vasilijus,LENDEL Vasilijus,LENDEL Vasilijus,LENDEL Vasilijus,LENDEL Vasilijus,https://youtu.be/RiOIrwl7vCE
2023 Milton NC,,R1,4,3,RUIZ TERAN Juan,RUIZ TERAN Juan,MOHD ZONIS Muhammad Fadh,BROWNE Kwesi,MOHD ZONIS Muhammad Fadh,MOHD ZONIS Muhammad Fadh,BROWNE Kwesi,BROWNE Kwesi,RUIZ TERAN Juan,https://youtu.be/RiOIrwl7vCE
2023 Milton NC,,R1,4,4,BROWNE Kwesi,BROWNE Kwesi,RUIZ TERAN Juan,ANGSUTHASAWIT Jai,BROWNE Kwesi,BROWNE Kwesi,MOHD ZONIS Muhammad Fadh,RUIZ TERAN Juan,BROWNE Kwesi,https://youtu.be/RiOIrwl7vCE
2023 Milton NC,,R1,4,5,TO Cheuk Hei,TO Cheuk Hei,TO Cheuk Hei,RUIZ TERAN Juan,RUIZ TERAN Juan,RUIZ TERAN Juan,RUIZ TERAN Juan,TO Cheuk Hei,TO Cheuk Hei,https://youtu.be/RiOIrwl7vCE
2023 Milton NC,,R1,4,6,ANGSUTHASAWIT Jai,ANGSUTHASAWIT Jai,ANGSUTHASAWIT Jai,TO Cheuk Hei,TO Cheuk Hei,TO Cheuk Hei,TO Cheuk Hei,MOHD ZONIS Muhammad Fadh,MOHD ZONIS Muhammad Fadh,https://youtu.be/RiOIrwl7vCE
2023 Milton NC,,R1,5,1,DOERNBACH Maximilian,DOERNBACH Maximilian,DOERNBACH Maximilian,DOERNBACH Maximilian,XUE Chenxi,XUE Chenxi,XUE Chenxi,DOERNBACH Maximilian,DOERNBACH Maximilian,https://youtu.be/a_tLAGHY9O8
2023 Milton NC,,R1,5,2,VERDUGO OSUNA Edgar,VERDUGO OSUNA Edgar,VERDUGO OSUNA Edgar,VERDUGO OSUNA Edgar,DOERNBACH Maximilian,DOERNBACH Maximilian,DOERNBACH Maximilian,XUE Chenxi,XUE Chenxi,https://youtu.be/a_tLAGHY9O8
2023 Milton NC,,R1,5,3,TJON EN FA Jair,TJON EN FA Jair,XUE Chenxi,XUE Chenxi,PONOMARYOV Sergey,PONOMARYOV Sergey,TJON EN FA Jair,TJON EN FA Jair,TJON EN FA Jair,https://youtu.be/a_tLAGHY9O8
2023 Milton NC,,R1,5,4,HEDGCOCK James,HEDGCOCK James,TJON EN FA Jair,TJON EN FA Jair,VERDUGO OSUNA Edgar,TJON EN FA Jair,PONOMARYOV Sergey,PONOMARYOV Sergey,PONOMARYOV Sergey,https://youtu.be/a_tLAGHY9O8
2023 Milton NC,,R1,5,5,XUE Chenxi,XUE Chenxi,PONOMARYOV Sergey,PONOMARYOV Sergey,TJON EN FA Jair,VERDUGO OSUNA Edgar,VERDUGO OSUNA Edgar,HEDGCOCK James,HEDGCOCK James,https://youtu.be/a_tLAGHY9O8
2023 Milton NC,,R1,5,6,PONOMARYOV Sergey,PONOMARYOV Sergey,HEDGCOCK James,HEDGCOCK James,HEDGCOCK James,HEDGCOCK James,HEDGCOCK James,VERDUGO OSUNA Edgar,VERDUGO OSUNA Edgar,https://youtu.be/a_tLAGHY9O8
2023 Milton NC,,R1,6,1,PAUL Nicholas,PAUL Nicholas,PAUL Nicholas,MARTINEZ CHORRO Alejandro,MARTINEZ CHORRO Alejandro,WAMMES Nick,WAMMES Nick,GLAETZER Matthew,GLAETZER Matthew,https://youtu.be/5eYcN5sKTlU
2023 Milton NC,,R1,6,2,WAMMES Nick,WAMMES Nick,WAMMES Nick,WAMMES Nick,WAMMES Nick,MARTINEZ CHORRO Alejandro,GLAETZER Matthew,WAMMES Nick,WAMMES Nick,https://youtu.be/5eYcN5sKTlU
2023 Milton NC,,R1,6,3,GLAETZER Matthew,GLAETZER Matthew,GLAETZER Matthew,PAUL Nicholas,GLAETZER Matthew,GLAETZER Matthew,BOHUSLAVEK Matej,BOHUSLAVEK Matej,BOHUSLAVEK Matej,https://youtu.be/5eYcN5sKTlU
2023 Milton NC,,R1,6,4,BRETAS Sotirios,BRETAS Sotirios,MARTINEZ CHORRO Alejandro,GLAETZER Matthew,BOHUSLAVEK Matej,BOHUSLAVEK Matej,PAUL Nicholas,PAUL Nicholas,PAUL Nicholas,https://youtu.be/5eYcN5sKTlU
2023 Milton NC,,R1,6,5,MARTINEZ CHORRO Alejandro,MARTINEZ CHORRO Alejandro,BRETAS Sotirios,BOHUSLAVEK Matej,PAUL Nicholas,PAUL Nicholas,MARTINEZ CHORRO Alejandro,BRETAS Sotirios,BRETAS Sotirios,https://youtu.be/5eYcN5sKTlU
2023 Milton NC,,R1,6,6,BOHUSLAVEK Matej,BOHUSLAVEK Matej,BOHUSLAVEK Matej,BRETAS Sotirios,BRETAS Sotirios,BRETAS Sotirios,BRETAS Sotirios,MARTINEZ CHORRO Alejandro,MARTINEZ CHORRO Alejandro,https://youtu.be/5eYcN5sKTlU
2023 Milton NC,,Rep,1,1,PREDOMO Mattia,PREDOMO Mattia,PREDOMO Mattia,PREDOMO Mattia,BOHUSLAVEK Matej,BOHUSLAVEK Matej,BOHUSLAVEK Matej,BOHUSLAVEK Matej,BOHUSLAVEK Matej,https://youtu.be/cfgymK-ptcU
2023 Milton NC,,Rep,1,2,BOHUSLAVEK Matej,BOHUSLAVEK Matej,BOHUSLAVEK Matej,BOHUSLAVEK Matej,PREDOMO Mattia,PONOMARYOV Sergey,PONOMARYOV Sergey,PONOMARYOV Sergey,PONOMARYOV Sergey,https://youtu.be/cfgymK-ptcU
2023 Milton NC,,Rep,1,3,PONOMARYOV Sergey,PONOMARYOV Sergey,PONOMARYOV Sergey,TO Cheuk Hei,PONOMARYOV Sergey,PREDOMO Mattia,KANG Shih Feng,KANG Shih Feng,KANG Shih Feng,https://youtu.be/cfgymK-ptcU
2023 Milton NC,,Rep,1,4,TO Cheuk Hei,TO Cheuk Hei,TO Cheuk Hei,PONOMARYOV Sergey,KANG Shih Feng,KANG Shih Feng,PREDOMO Mattia,PREDOMO Mattia,PREDOMO Mattia,https://youtu.be/cfgymK-ptcU
2023 Milton NC,,Rep,1,5,KANG Shih Feng,KANG Shih Feng,KANG Shih Feng,KANG Shih Feng,TO Cheuk Hei,TO Cheuk Hei,TO Cheuk Hei,TO Cheuk Hei,TO Cheuk Hei,https://youtu.be/cfgymK-ptcU
2023 Milton NC,,Rep,2,1,MOHD ZONIS Muhammad Fadh,MOHD ZONIS Muhammad Fadh,MOHD ZONIS Muhammad Fadh,MOHD ZONIS Muhammad Fadh,PAUL Nicholas,PAUL Nicholas,PAUL Nicholas,PAUL Nicholas,PAUL Nicholas,https://youtu.be/Q_gRbmxUmT4
2023 Milton NC,,Rep,2,2,SZALONTAY Sandor,SZALONTAY Sandor,SZALONTAY Sandor,SZALONTAY Sandor,SZALONTAY Sandor,SZALONTAY Sandor,SZALONTAY Sandor,SZALONTAY Sandor,SZALONTAY Sandor,https://youtu.be/Q_gRbmxUmT4
2023 Milton NC,,Rep,2,3,PAUL Nicholas,PAUL Nicholas,PAUL Nicholas,PAUL Nicholas,MOHD ZONIS Muhammad Fadh,DODYK Ryan,DODYK Ryan,DODYK Ryan,DODYK Ryan,https://youtu.be/Q_gRbmxUmT4
2023 Milton NC,,Rep,2,4,DODYK Ryan,DODYK Ryan,DODYK Ryan,BRETAS Sotirios,DODYK Ryan,MOHD ZONIS Muhammad Fadh,MOHD ZONIS Muhammad Fadh,MOHD ZONIS Muhammad Fadh,MOHD ZONIS Muhammad Fadh,https://youtu.be/Q_gRbmxUmT4
2023 Milton NC,,Rep,2,5,BRETAS Sotirios,BRETAS Sotirios,BRETAS Sotirios,DODYK Ryan,BRETAS Sotirios,BRETAS Sotirios,BRETAS Sotirios,BRETAS Sotirios,BRETAS Sotirios,https://youtu.be/Q_gRbmxUmT4
2023 Milton NC,,Rep,3,1,VERDUGO OSUNA Edgar,VERDUGO OSUNA Edgar,VERDUGO OSUNA Edgar,VERDUGO OSUNA Edgar,CECHMAN Martin,HEDGCOCK James,HEDGCOCK James,HEDGCOCK James,HEDGCOCK James,https://youtu.be/LMhoPiPtWHE
2023 Milton NC,,Rep,3,2,CECHMAN Martin,CECHMAN Martin,CECHMAN Martin,CECHMAN Martin,VERDUGO OSUNA Edgar,CECHMAN Martin,CECHMAN Martin,CECHMAN Martin,CECHMAN Martin,https://youtu.be/LMhoPiPtWHE
2023 Milton NC,,Rep,3,3,JURCZYK Marc,JURCZYK Marc,JURCZYK Marc,JURCZYK Marc,HEDGCOCK James,VERDUGO OSUNA Edgar,JURCZYK Marc,JURCZYK Marc,JURCZYK Marc,https://youtu.be/LMhoPiPtWHE
2023 Milton NC,,Rep,3,4,SAUNDERS Callum,SAUNDERS Callum,SAUNDERS Callum,HEDGCOCK James,JURCZYK Marc,JURCZYK Marc,SAUNDERS Callum,SAUNDERS Callum,SAUNDERS Callum,https://youtu.be/LMhoPiPtWHE
2023 Milton NC,,Rep,3,5,HEDGCOCK James,HEDGCOCK James,HEDGCOCK James,SAUNDERS Callum,SAUNDERS Callum,SAUNDERS Callum,VERDUGO OSUNA Edgar,VERDUGO OSUNA Edgar,VERDUGO OSUNA Edgar,https://youtu.be/LMhoPiPtWHE
2023 Milton NC,,Rep,4,1,RAMIREZ MORALES Santiago,RAMIREZ MORALES Santiago,RAMIREZ MORALES Santiago,BIANCHI Matteo,BIANCHI Matteo,BIANCHI Matteo,BIANCHI Matteo,RAMIREZ MORALES Santiago,RAMIREZ MORALES Santiago,https://youtu.be/Es1PuCxdpq8
2023 Milton NC,,Rep,4,2,MORENO SANCHEZ Jose,MORENO SANCHEZ Jose,MORENO SANCHEZ Jose,RAMIREZ MORALES Santiago,RAMIREZ MORALES Santiago,RAMIREZ MORALES Santiago,RAMIREZ MORALES Santiago,LENDEL Vasilijus,LENDEL Vasilijus,https://youtu.be/Es1PuCxdpq8
2023 Milton NC,,Rep,4,3,BIANCHI Matteo,BIANCHI Matteo,LENDEL Vasilijus,MORENO SANCHEZ Jose,LENDEL Vasilijus,LENDEL Vasilijus,LENDEL Vasilijus,BIANCHI Matteo,BIANCHI Matteo,https://youtu.be/Es1PuCxdpq8
2023 Milton NC,,Rep,4,4,LENDEL Vasilijus,LENDEL Vasilijus,BIANCHI Matteo,LENDEL Vasilijus,MORENO SANCHEZ Jose,MORENO SANCHEZ Jose,MORENO SANCHEZ Jose,MORENO SANCHEZ Jose,MORENO SANCHEZ Jose,https://youtu.be/Es1PuCxdpq8
2023 Milton NC,,Rep,5,1,SARNECKI Rafal,SARNECKI Rafal,SARNECKI Rafal,MARTINEZ CHORRO Alejandro,MARTINEZ CHORRO Alejandro,XUE Chenxi,XUE Chenxi,XUE Chenxi,XUE Chenxi,https://youtu.be/oI-xDRYRyYA
2023 Milton NC,,Rep,5,2,XUE Chenxi,XUE Chenxi,XUE Chenxi,VILAR Lucas Oscar,XUE Chenxi,RUIZ TERAN Juan,RUIZ TERAN Juan,RUIZ TERAN Juan,RUIZ TERAN Juan,https://youtu.be/oI-xDRYRyYA
2023 Milton NC,,Rep,5,3,RUIZ TERAN Juan,RUIZ TERAN Juan,RUIZ TERAN Juan,SARNECKI Rafal,VILAR Lucas Oscar,MARTINEZ CHORRO Alejandro,MARTINEZ CHORRO Alejandro,MARTINEZ CHORRO Alejandro,MARTINEZ CHORRO Alejandro,https://youtu.be/oI-xDRYRyYA
2023 Milton NC,,Rep,5,4,MARTINEZ CHORRO Alejandro,MARTINEZ CHORRO Alejandro,MARTINEZ CHORRO Alejandro,XUE Chenxi,RUIZ TERAN Juan,SARNECKI Rafal,SARNECKI Rafal,SARNECKI Rafal,SARNECKI Rafal,https://youtu.be/oI-xDRYRyYA
2023 Milton NC,,Rep,5,5,VILAR Lucas Oscar,VILAR Lucas Oscar,VILAR Lucas Oscar,RUIZ TERAN Juan,SARNECKI Rafal,VILAR Lucas Oscar,VILAR Lucas Oscar,VILAR Lucas Oscar,VILAR Lucas Oscar,https://youtu.be/oI-xDRYRyYA
2023 Milton NC,,Rep,6,1,WAMMES Nick,WAMMES Nick,WAMMES Nick,WAMMES Nick,TJON EN FA Jair,TJON EN FA Jair,TJON EN FA Jair,TJON EN FA Jair,TJON EN FA Jair,https://youtu.be/0io0Qs1DbeQ
2023 Milton NC,,Rep,6,2,CHUGAY Andrey,CHUGAY Andrey,TJON EN FA Jair,TJON EN FA Jair,WAMMES Nick,BROWNE Kwesi,BROWNE Kwesi,BROWNE Kwesi,BROWNE Kwesi,https://youtu.be/0io0Qs1DbeQ
2023 Milton NC,,Rep,6,3,HSIEH Nien Hsing,HSIEH Nien Hsing,CHUGAY Andrey,BROWNE Kwesi,BROWNE Kwesi,WAMMES Nick,WAMMES Nick,WAMMES Nick,WAMMES Nick,https://youtu.be/0io0Qs1DbeQ
2023 Milton NC,,Rep,6,4,TJON EN FA Jair,TJON EN FA Jair,BROWNE Kwesi,CHUGAY Andrey,CHUGAY Andrey,CHUGAY Andrey,CHUGAY Andrey,CHUGAY Andrey,CHUGAY Andrey,https://youtu.be/0io0Qs1DbeQ
2023 Milton NC,,Rep,6,5,BROWNE Kwesi,BROWNE Kwesi,HSIEH Nien Hsing,HSIEH Nien Hsing,HSIEH Nien Hsing,HSIEH Nien Hsing,HSIEH Nien Hsing,HSIEH Nien Hsing,HSIEH Nien Hsing,https://youtu.be/0io0Qs1DbeQ
2023 Milton NC,,SF,1,1,PAUL Nicholas,PAUL Nicholas,PAUL Nicholas,PAUL Nicholas,PAUL Nicholas,PAUL Nicholas,PAUL Nicholas,DOERNBACH Maximilian,DOERNBACH Maximilian,https://youtu.be/-ykwRNHEvWE
2023 Milton NC,,SF,1,2,DOERNBACH Maximilian,DOERNBACH Maximilian,DOERNBACH Maximilian,DOERNBACH Maximilian,DOERNBACH Maximilian,DOERNBACH Maximilian,DOERNBACH Maximilian,PAUL Nicholas,RICHARDSON Matthew,https://youtu.be/-ykwRNHEvWE
2023 Milton NC,,SF,1,3,RICHARDSON Matthew,RICHARDSON Matthew,RICHARDSON Matthew,RICHARDSON Matthew,RICHARDSON Matthew,RICHARDSON Matthew,RICHARDSON Matthew,RICHARDSON Matthew,PAUL Nicholas,https://youtu.be/-ykwRNHEvWE
2023 Milton NC,,SF,1,4,RAMIREZ MORALES Santiago,RAMIREZ MORALES Santiago,RAMIREZ MORALES Santiago,RAMIREZ MORALES Santiago,RAMIREZ MORALES Santiago,RAMIREZ MORALES Santiago,RAMIREZ MORALES Santiago,ANGSUTHASAWIT Jai,ANGSUTHASAWIT Jai,https://youtu.be/-ykwRNHEvWE
2023 Milton NC,,SF,1,5,ANGSUTHASAWIT Jai,ANGSUTHASAWIT Jai,ANGSUTHASAWIT Jai,ANGSUTHASAWIT Jai,ANGSUTHASAWIT Jai,ANGSUTHASAWIT Jai,ANGSUTHASAWIT Jai,RAMIREZ MORALES Santiago,RAMIREZ MORALES Santiago,https://youtu.be/-ykwRNHEvWE
2023 Milton NC,,SF,1,6,XUE Chenxi,XUE Chenxi,XUE Chenxi,XUE Chenxi,XUE Chenxi,XUE Chenxi,XUE Chenxi,XUE Chenxi,XUE Chenxi,https://youtu.be/-ykwRNHEvWE
2023 Milton NC,,SF,2,1,QUINTERO CHAVARRO Kevin Santiago,QUINTERO CHAVARRO Kevin Santiago,HEDGCOCK James,HEDGCOCK James,GLAETZER Matthew,GLAETZER Matthew,GLAETZER Matthew,GLAETZER Matthew,GLAETZER Matthew,https://youtu.be/4d5Qo6izFoU
2023 Milton NC,,SF,2,2,TJON EN FA Jair,TJON EN FA Jair,TJON EN FA Jair,GLAETZER Matthew,LIU Qi,LIU Qi,HEDGCOCK James,HEDGCOCK James,HEDGCOCK James,https://youtu.be/4d5Qo6izFoU
2023 Milton NC,,SF,2,3,BOHUSLAVEK Matej,BOHUSLAVEK Matej,QUINTERO CHAVARRO Kevin Santiago,TJON EN FA Jair,HEDGCOCK James,HEDGCOCK James,LIU Qi,LIU Qi,LIU Qi,https://youtu.be/4d5Qo6izFoU
2023 Milton NC,,SF,2,4,HEDGCOCK James,HEDGCOCK James,GLAETZER Matthew,LIU Qi,TJON EN FA Jair,TJON EN FA Jair,TJON EN FA Jair,TJON EN FA Jair,TJON EN FA Jair,https://youtu.be/4d5Qo6izFoU
2023 Milton NC,,SF,2,5,GLAETZER Matthew,GLAETZER Matthew,BOHUSLAVEK Matej,QUINTERO CHAVARRO Kevin Santiago,QUINTERO CHAVARRO Kevin Santiago,QUINTERO CHAVARRO Kevin Santiago,QUINTERO CHAVARRO Kevin Santiago,QUINTERO CHAVARRO Kevin Santiago,QUINTERO CHAVARRO Kevin Santiago,https://youtu.be/4d5Qo6izFoU
2023 Milton NC,,SF,2,6,LIU Qi,LIU Qi,LIU Qi,BOHUSLAVEK Matej,BOHUSLAVEK Matej,BOHUSLAVEK Matej,BOHUSLAVEK Matej,BOHUSLAVEK Matej,BOHUSLAVEK Matej,https://youtu.be/4d5Qo6izFoU
2023 Milton NC,,F,1,1,ANGSUTHASAWIT Jai,ANGSUTHASAWIT Jai,ANGSUTHASAWIT Jai,XUE Chenxi,XUE Chenxi,XUE Chenxi,XUE Chenxi,ANGSUTHASAWIT Jai,ANGSUTHASAWIT Jai,https://youtu.be/ZdDctR9X1hg
2023 Milton NC,,F,1,2,RAMIREZ MORALES Santiago,RAMIREZ MORALES Santiago,RAMIREZ MORALES Santiago,ANGSUTHASAWIT Jai,LIU Qi,ANGSUTHASAWIT Jai,ANGSUTHASAWIT Jai,QUINTERO CHAVARRO Kevin Santiago,QUINTERO CHAVARRO Kevin Santiago,https://youtu.be/ZdDctR9X1hg
2023 Milton NC,,F,1,3,XUE Chenxi,XUE Chenxi,XUE Chenxi,LIU Qi,ANGSUTHASAWIT Jai,RAMIREZ MORALES Santiago,QUINTERO CHAVARRO Kevin Santiago,RAMIREZ MORALES Santiago,RAMIREZ MORALES Santiago,https://youtu.be/ZdDctR9X1hg
2023 Milton NC,,F,1,4,LIU Qi,LIU Qi,LIU Qi,RAMIREZ MORALES Santiago,QUINTERO CHAVARRO Kevin Santiago,QUINTERO CHAVARRO Kevin Santiago,RAMIREZ MORALES Santiago,XUE Chenxi,XUE Chenxi,https://youtu.be/ZdDctR9X1hg
2023 Milton NC,,F,1,5,QUINTERO CHAVARRO Kevin Santiago,QUINTERO CHAVARRO Kevin Santiago,QUINTERO CHAVARRO Kevin Santiago,QUINTERO CHAVARRO Kevin Santiago,RAMIREZ MORALES Santiago,LIU Qi,BOHUSLAVEK Matej,BOHUSLAVEK Matej,BOHUSLAVEK Matej,https://youtu.be/ZdDctR9X1hg
2023 Milton NC,,F,1,6,BOHUSLAVEK Matej,BOHUSLAVEK Matej,BOHUSLAVEK Matej,BOHUSLAVEK Matej,BOHUSLAVEK Matej,BOHUSLAVEK Matej,LIU Qi,LIU Qi,LIU Qi,https://youtu.be/ZdDctR9X1hg
2023 Milton NC,,F,2,1,PAUL Nicholas,DOERNBACH Maximilian,DOERNBACH Maximilian,DOERNBACH Maximilian,PAUL Nicholas,PAUL Nicholas,PAUL Nicholas,RICHARDSON Matthew,,https://youtu.be/Lw8yHoTnqoY
2023 Milton NC,,F,2,2,DOERNBACH Maximilian,RICHARDSON Matthew,RICHARDSON Matthew,PAUL Nicholas,DOERNBACH Maximilian,GLAETZER Matthew,RICHARDSON Matthew,DOERNBACH Maximilian,,https://youtu.be/Lw8yHoTnqoY
2023 Milton NC,,F,2,3,GLAETZER Matthew,PAUL Nicholas,TJON EN FA Jair,RICHARDSON Matthew,RICHARDSON Matthew,RICHARDSON Matthew,GLAETZER Matthew,PAUL Nicholas,,https://youtu.be/Lw8yHoTnqoY
2023 Milton NC,,F,2,4,HEDGCOCK James,TJON EN FA Jair,GLAETZER Matthew,TJON EN FA Jair,GLAETZER Matthew,TJON EN FA Jair,TJON EN FA Jair,GLAETZER Matthew,,https://youtu.be/Lw8yHoTnqoY
2023 Milton NC,,F,2,5,TJON EN FA Jair,GLAETZER Matthew,HEDGCOCK James,GLAETZER Matthew,TJON EN FA Jair,DOERNBACH Maximilian,HEDGCOCK James,HEDGCOCK James,,https://youtu.be/Lw8yHoTnqoY
2023 Milton NC,,F,2,6,RICHARDSON Matthew,HEDGCOCK James,PAUL Nicholas,HEDGCOCK James,HEDGCOCK James,HEDGCOCK James,DOERNBACH Maximilian,TJON EN FA Jair,,https://youtu.be/Lw8yHoTnqoY
2023 Glasgow WCH,9/08/2023,R1,1,1,CARLIN Jack,CARLIN Jack,CARLIN Jack,YAKOVLEV Mikhail,YAKOVLEV Mikhail,YAKOVLEV Mikhail,YAKOVLEV Mikhail,CARLIN Jack,CARLIN Jack,https://youtu.be/f27l-prGVbg
2023 Glasgow WCH,9/08/2023,R1,1,2,YAKOVLEV Mikhail,YAKOVLEV Mikhail,YAKOVLEV Mikhail,CARLIN Jack,CARLIN Jack,CARLIN Jack,CARLIN Jack,NAKANO Shinji,NAKANO Shinji,https://youtu.be/f27l-prGVbg
2023 Glasgow WCH,9/08/2023,R1,1,3,NAKANO Shinji,NAKANO Shinji,NAKANO Shinji,NAKANO Shinji,NAKANO Shinji,NAKANO Shinji,NAKANO Shinji,LAVREYSEN Harrie,LAVREYSEN Harrie,https://youtu.be/f27l-prGVbg
2023 Glasgow WCH,9/08/2023,R1,1,4,SAHROM Muhammad Ridwan,SAHROM Muhammad Ridwan,SAHROM Muhammad Ridwan,SAHROM Muhammad Ridwan,SAHROM Muhammad Ridwan,SAHROM Muhammad Ridwan,SAHROM Muhammad Ridwan,YAKOVLEV Mikhail,SAHROM Muhammad Ridwan,https://youtu.be/f27l-prGVbg
2023 Glasgow WCH,9/08/2023,R1,1,5,LAVREYSEN Harrie,LAVREYSEN Harrie,LAVREYSEN Harrie,LAVREYSEN Harrie,LAVREYSEN Harrie,LAVREYSEN Harrie,LAVREYSEN Harrie,SAHROM Muhammad Ridwan,YAKOVLEV Mikhail,https://youtu.be/f27l-prGVbg
2023 Glasgow WCH,9/08/2023,R1,2,1,OTA Kaiya,OTA Kaiya,OTA Kaiya,OTA Kaiya,OTA Kaiya,OTA Kaiya,OTA Kaiya,QUINTERO CHAVARRO Kevin Santiago,QUINTERO CHAVARRO Kevin Santiago,https://youtu.be/hJxxgHhgNyY
2023 Glasgow WCH,9/08/2023,R1,2,2,QUINTERO CHAVARRO Kevin Santiago,QUINTERO CHAVARRO Kevin Santiago,QUINTERO CHAVARRO Kevin Santiago,QUINTERO CHAVARRO Kevin Santiago,QUINTERO CHAVARRO Kevin Santiago,QUINTERO CHAVARRO Kevin Santiago,QUINTERO CHAVARRO Kevin Santiago,OTA Kaiya,OTA Kaiya,https://youtu.be/hJxxgHhgNyY
2023 Glasgow WCH,9/08/2023,R1,2,3,ANGSUTHASAWIT Jai,ANGSUTHASAWIT Jai,ANGSUTHASAWIT Jai,ANGSUTHASAWIT Jai,PAUL Nicholas,PAUL Nicholas,ANGSUTHASAWIT Jai,ANGSUTHASAWIT Jai,ANGSUTHASAWIT Jai,https://youtu.be/hJxxgHhgNyY
2023 Glasgow WCH,9/08/2023,R1,2,4,RICHARDSON Matthew,RICHARDSON Matthew,RICHARDSON Matthew,RICHARDSON Matthew,ANGSUTHASAWIT Jai,ANGSUTHASAWIT Jai,PAUL Nicholas,RICHARDSON Matthew,RICHARDSON Matthew,https://youtu.be/hJxxgHhgNyY
2023 Glasgow WCH,9/08/2023,R1,2,5,PAUL Nicholas,PAUL Nicholas,PAUL Nicholas,PAUL Nicholas,RICHARDSON Matthew,RICHARDSON Matthew,RICHARDSON Matthew,PAUL Nicholas,PAUL Nicholas,https://youtu.be/hJxxgHhgNyY
2023 Glasgow WCH,9/08/2023,R1,3,1,TURNBULL Hamish,TURNBULL Hamish,VIGIER Sebastien,TURNBULL Hamish,TURNBULL Hamish,TURNBULL Hamish,AWANG Mohd Azizulhasni,AWANG Mohd Azizulhasni,AWANG Mohd Azizulhasni,https://youtu.be/P5v_aNMB41A
2023 Glasgow WCH,9/08/2023,R1,3,2,PONOMARYOV Sergey,PONOMARYOV Sergey,TURNBULL Hamish,VIGIER Sebastien,AWANG Mohd Azizulhasni,AWANG Mohd Azizulhasni,PONOMARYOV Sergey,TURNBULL Hamish,TURNBULL Hamish,https://youtu.be/P5v_aNMB41A
2023 Glasgow WCH,9/08/2023,R1,3,3,ESOW Esow,ESOW Esow,PONOMARYOV Sergey,AWANG Mohd Azizulhasni,PONOMARYOV Sergey,PONOMARYOV Sergey,TURNBULL Hamish,PONOMARYOV Sergey,PONOMARYOV Sergey,https://youtu.be/P5v_aNMB41A
2023 Glasgow WCH,9/08/2023,R1,3,4,AWANG Mohd Azizulhasni,VIGIER Sebastien,AWANG Mohd Azizulhasni,PONOMARYOV Sergey,VIGIER Sebastien,VIGIER Sebastien,DAKIN Sam,DAKIN Sam,DAKIN Sam,https://youtu.be/P5v_aNMB41A
2023 Glasgow WCH,9/08/2023,R1,3,5,DAKIN Sam,AWANG Mohd Azizulhasni,ESOW Esow,DAKIN Sam,DAKIN Sam,DAKIN Sam,VIGIER Sebastien,VIGIER Sebastien,VIGIER Sebastien,https://youtu.be/P5v_aNMB41A
2023 Glasgow WCH,9/08/2023,R1,3,6,VIGIER Sebastien,DAKIN Sam,DAKIN Sam,ESOW Esow,ESOW Esow,ESOW Esow,ESOW Esow,ESOW Esow,ESOW Esow,https://youtu.be/P5v_aNMB41A
2023 Glasgow WCH,9/08/2023,R1,4,1,van LOON Tijmen,van LOON Tijmen,van LOON Tijmen,van LOON Tijmen,DOERNBACH Maximilian,TJON EN FA Jair,TJON EN FA Jair,TJON EN FA Jair,TJON EN FA Jair,https://youtu.be/3-d6erB4Fck
2023 Glasgow WCH,9/08/2023,R1,4,2,DOERNBACH Maximilian,DOERNBACH Maximilian,DOERNBACH Maximilian,DOERNBACH Maximilian,van LOON Tijmen,DOERNBACH Maximilian,DOERNBACH Maximilian,DOERNBACH Maximilian,DOERNBACH Maximilian,https://youtu.be/3-d6erB4Fck
2023 Glasgow WCH,9/08/2023,R1,4,3,BROWNE Kwesi,BROWNE Kwesi,BROWNE Kwesi,BROWNE Kwesi,BROWNE Kwesi,BROWNE Kwesi,BROWNE Kwesi,BROWNE Kwesi,BROWNE Kwesi,https://youtu.be/3-d6erB4Fck
2023 Glasgow WCH,9/08/2023,R1,4,4,CORNISH Thomas,CORNISH Thomas,CORNISH Thomas,CORNISH Thomas,TJON EN FA Jair,CORNISH Thomas,RAMIREZ MORALES Santiago,RAMIREZ MORALES Santiago,RAMIREZ MORALES Santiago,https://youtu.be/3-d6erB4Fck
2023 Glasgow WCH,9/08/2023,R1,4,5,TJON EN FA Jair,TJON EN FA Jair,TJON EN FA Jair,TJON EN FA Jair,CORNISH Thomas,van LOON Tijmen,CORNISH Thomas,CORNISH Thomas,CORNISH Thomas,https://youtu.be/3-d6erB4Fck
2023 Glasgow WCH,9/08/2023,R1,4,6,RAMIREZ MORALES Santiago,RAMIREZ MORALES Santiago,RAMIREZ MORALES Santiago,RAMIREZ MORALES Santiago,RAMIREZ MORALES Santiago,RAMIREZ MORALES Santiago,van LOON Tijmen,van LOON Tijmen,van LOON Tijmen,https://youtu.be/3-d6erB4Fck
2023 Glasgow WCH,9/08/2023,R1,5,1,JURCZYK Marc,JURCZYK Marc,JURCZYK Marc,JURCZYK Marc,HEDGCOCK James,GLAETZER Matthew,GLAETZER Matthew,GLAETZER Matthew,GLAETZER Matthew,https://youtu.be/KPIZs2ycIwg
2023 Glasgow WCH,9/08/2023,R1,5,2,HEDGCOCK James,SPIES Jean,SPIES Jean,HEDGCOCK James,JURCZYK Marc,HEDGCOCK James,HOOGLAND Jeffrey,HOOGLAND Jeffrey,HOOGLAND Jeffrey,https://youtu.be/KPIZs2ycIwg
2023 Glasgow WCH,9/08/2023,R1,5,3,GLAETZER Matthew,HEDGCOCK James,HEDGCOCK James,SPIES Jean,GLAETZER Matthew,HOOGLAND Jeffrey,SAHROM Muhammad Shah Firdaus,SAHROM Muhammad Shah Firdaus,SAHROM Muhammad Shah Firdaus,https://youtu.be/KPIZs2ycIwg
2023 Glasgow WCH,9/08/2023,R1,5,4,HOOGLAND Jeffrey,GLAETZER Matthew,GLAETZER Matthew,GLAETZER Matthew,SPIES Jean,JURCZYK Marc,HEDGCOCK James,JURCZYK Marc,JURCZYK Marc,https://youtu.be/KPIZs2ycIwg
2023 Glasgow WCH,9/08/2023,R1,5,5,SAHROM Muhammad Shah Firdaus,HOOGLAND Jeffrey,HOOGLAND Jeffrey,HOOGLAND Jeffrey,HOOGLAND Jeffrey,SAHROM Muhammad Shah Firdaus,JURCZYK Marc,HEDGCOCK James,HEDGCOCK James,https://youtu.be/KPIZs2ycIwg
2023 Glasgow WCH,9/08/2023,R1,5,6,SPIES Jean,SAHROM Muhammad Shah Firdaus,SAHROM Muhammad Shah Firdaus,SAHROM Muhammad Shah Firdaus,SAHROM Muhammad Shah Firdaus,SPIES Jean,SPIES Jean,SPIES Jean,SPIES Jean,https://youtu.be/KPIZs2ycIwg
2023 Glasgow WCH,9/08/2023,Rep,1,1,DAKIN Sam,DAKIN Sam,DAKIN Sam,DAKIN Sam,DAKIN Sam,LAVREYSEN Harrie,LAVREYSEN Harrie,LAVREYSEN Harrie,LAVREYSEN Harrie,https://youtu.be/btQFmsswXH0
2023 Glasgow WCH,9/08/2023,Rep,1,2,LAVREYSEN Harrie,LAVREYSEN Harrie,LAVREYSEN Harrie,LAVREYSEN Harrie,LAVREYSEN Harrie,DAKIN Sam,DAKIN Sam,DAKIN Sam,DAKIN Sam,https://youtu.be/btQFmsswXH0
2023 Glasgow WCH,9/08/2023,Rep,1,3,SPIES Jean,SPIES Jean,SPIES Jean,SPIES Jean,SPIES Jean,SPIES Jean,SPIES Jean,SPIES Jean,SPIES Jean,https://youtu.be/btQFmsswXH0
2023 Glasgow WCH,9/08/2023,Rep,2,1,HEDGCOCK James,JURCZYK Marc,ANGSUTHASAWIT Jai,ANGSUTHASAWIT Jai,RICHARDSON Matthew,JURCZYK Marc,ANGSUTHASAWIT Jai,CORNISH Thomas,RICHARDSON Matthew,https://youtu.be/qmOnak0UAfE
2023 Glasgow WCH,9/08/2023,Rep,2,2,JURCZYK Marc,ANGSUTHASAWIT Jai,RICHARDSON Matthew,RICHARDSON Matthew,JURCZYK Marc,ANGSUTHASAWIT Jai,YAKOVLEV Mikhail,BROWNE Kwesi,JURCZYK Marc,https://youtu.be/qmOnak0UAfE
2023 Glasgow WCH,9/08/2023,Rep,2,3,ANGSUTHASAWIT Jai,RICHARDSON Matthew,JURCZYK Marc,JURCZYK Marc,ANGSUTHASAWIT Jai,RICHARDSON Matthew,SAHROM Muhammad Ridwan,SAHROM Muhammad Ridwan,ANGSUTHASAWIT Jai,https://youtu.be/qmOnak0UAfE
2023 Glasgow WCH,9/08/2023,Rep,2,4,RICHARDSON Matthew,JURCZYK Marc,RICHARDSON Matthew,ANGSUTHASAWIT Jai,RICHARDSON Matthew,JURCZYK Marc,ESOW Esow,ESOW Esow,HEDGCOCK James,https://youtu.be/qmOnak0UAfE
2023 Glasgow WCH,9/08/2023,Rep,3,1,YAKOVLEV Mikhail,YAKOVLEV Mikhail,SAHROM Muhammad Ridwan,CORNISH Thomas,CORNISH Thomas,CORNISH Thomas,CORNISH Thomas,YAKOVLEV Mikhail,YAKOVLEV Mikhail,https://youtu.be/ESYeTt1R-7M
2023 Glasgow WCH,9/08/2023,Rep,3,2,CORNISH Thomas,SAHROM Muhammad Ridwan,ESOW Esow,BROWNE Kwesi,BROWNE Kwesi,BROWNE Kwesi,YAKOVLEV Mikhail,CORNISH Thomas,CORNISH Thomas,https://youtu.be/ESYeTt1R-7M
2023 Glasgow WCH,9/08/2023,Rep,3,3,ESOW Esow,ESOW Esow,BROWNE Kwesi,SAHROM Muhammad Ridwan,SAHROM Muhammad Ridwan,SAHROM Muhammad Ridwan,BROWNE Kwesi,BROWNE Kwesi,BROWNE Kwesi,https://youtu.be/ESYeTt1R-7M
2023 Glasgow WCH,9/08/2023,Rep,3,4,BROWNE Kwesi,CORNISH Thomas,CORNISH Thomas,ESOW Esow,ESOW Esow,ESOW Esow,SAHROM Muhammad Ridwan,SAHROM Muhammad Ridwan,SAHROM Muhammad Ridwan,https://youtu.be/ESYeTt1R-7M
2023 Glasgow WCH,9/08/2023,Rep,3,5,SAHROM Muhammad Ridwan,BROWNE Kwesi,YAKOVLEV Mikhail,YAKOVLEV Mikhail,YAKOVLEV Mikhail,YAKOVLEV Mikhail,ESOW Esow,ESOW Esow,ESOW Esow,https://youtu.be/ESYeTt1R-7M
2023 Glasgow WCH,9/08/2023,Rep,4,1,van LOON Tijmen,van LOON Tijmen,van LOON Tijmen,van LOON Tijmen,VIGIER Sebastien,VIGIER Sebastien,VIGIER Sebastien,VIGIER Sebastien,VIGIER Sebastien,https://youtu.be/fKpOKOWBp9U
2023 Glasgow WCH,9/08/2023,Rep,4,2,VIGIER Sebastien,VIGIER Sebastien,VIGIER Sebastien,VIGIER Sebastien,van LOON Tijmen,van LOON Tijmen,van LOON Tijmen,van LOON Tijmen,van LOON Tijmen,https://youtu.be/fKpOKOWBp9U
2023 Glasgow WCH,9/08/2023,Rep,4,3,PONOMARYOV Sergey,PONOMARYOV Sergey,PONOMARYOV Sergey,PONOMARYOV Sergey,PONOMARYOV Sergey,PONOMARYOV Sergey,SAHROM Muhammad Shah Firdaus,SAHROM Muhammad Shah Firdaus,SAHROM Muhammad Shah Firdaus,https://youtu.be/fKpOKOWBp9U
2023 Glasgow WCH,9/08/2023,Rep,4,4,SAHROM Muhammad Shah Firdaus,SAHROM Muhammad Shah Firdaus,SAHROM Muhammad Shah Firdaus,SAHROM Muhammad Shah Firdaus,SAHROM Muhammad Shah Firdaus,SAHROM Muhammad Shah Firdaus,PONOMARYOV Sergey,PAUL Nicholas,PAUL Nicholas,https://youtu.be/fKpOKOWBp9U
2023 Glasgow WCH,9/08/2023,Rep,4,5,PAUL Nicholas,PAUL Nicholas,PAUL Nicholas,PAUL Nicholas,PAUL Nicholas,PAUL Nicholas,PAUL Nicholas,PONOMARYOV Sergey,PONOMARYOV Sergey,https://youtu.be/fKpOKOWBp9U
2023 Glasgow WCH,9/08/2023,QF,1,1,OTA Kaiya,OTA Kaiya,YAKOVLEV Mikhail,YAKOVLEV Mikhail,YAKOVLEV Mikhail,YAKOVLEV Mikhail,YAKOVLEV Mikhail,CARLIN Jack,RICHARDSON Matthew,https://youtu.be/f_BiHj1nXmA
2023 Glasgow WCH,9/08/2023,QF,1,2,RICHARDSON Matthew,CARLIN Jack,CARLIN Jack,CARLIN Jack,CARLIN Jack,CARLIN Jack,CARLIN Jack,RICHARDSON Matthew,CARLIN Jack,https://youtu.be/f_BiHj1nXmA
2023 Glasgow WCH,9/08/2023,QF,1,3,CARLIN Jack,RICHARDSON Matthew,TJON EN FA Jair,TJON EN FA Jair,TJON EN FA Jair,RICHARDSON Matthew,RICHARDSON Matthew,OTA Kaiya,OTA Kaiya,https://youtu.be/f_BiHj1nXmA
2023 Glasgow WCH,9/08/2023,QF,1,4,van LOON Tijmen,TJON EN FA Jair,RICHARDSON Matthew,RICHARDSON Matthew,RICHARDSON Matthew,TJON EN FA Jair,TJON EN FA Jair,YAKOVLEV Mikhail,YAKOVLEV Mikhail,https://youtu.be/f_BiHj1nXmA
2023 Glasgow WCH,9/08/2023,QF,1,5,TJON EN FA Jair,van LOON Tijmen,van LOON Tijmen,van LOON Tijmen,van LOON Tijmen,OTA Kaiya,OTA Kaiya,TJON EN FA Jair,TJON EN FA Jair,https://youtu.be/f_BiHj1nXmA
2023 Glasgow WCH,9/08/2023,QF,1,6,YAKOVLEV Mikhail,YAKOVLEV Mikhail,OTA Kaiya,OTA Kaiya,OTA Kaiya,van LOON Tijmen,van LOON Tijmen,van LOON Tijmen,van LOON Tijmen,https://youtu.be/f_BiHj1nXmA
2023 Glasgow WCH,9/08/2023,QF,2,1,JURCZYK Marc,JURCZYK Marc,JURCZYK Marc,GLAETZER Matthew,GLAETZER Matthew,LAVREYSEN Harrie,LAVREYSEN Harrie,LAVREYSEN Harrie,LAVREYSEN Harrie,https://youtu.be/yjzvdpdI-6A
2023 Glasgow WCH,9/08/2023,QF,2,2,TURNBULL Hamish,TURNBULL Hamish,TURNBULL Hamish,TURNBULL Hamish,LAVREYSEN Harrie,GLAETZER Matthew,GLAETZER Matthew,QUINTERO CHAVARRO Kevin Santiago,QUINTERO CHAVARRO Kevin Santiago,https://youtu.be/yjzvdpdI-6A
2023 Glasgow WCH,9/08/2023,QF,2,3,GLAETZER Matthew,GLAETZER Matthew,GLAETZER Matthew,JURCZYK Marc,TURNBULL Hamish,QUINTERO CHAVARRO Kevin Santiago,QUINTERO CHAVARRO Kevin Santiago,GLAETZER Matthew,TURNBULL Hamish,https://youtu.be/yjzvdpdI-6A
2023 Glasgow WCH,9/08/2023,QF,2,4,QUINTERO CHAVARRO Kevin Santiago,QUINTERO CHAVARRO Kevin Santiago,VIGIER Sebastien,VIGIER Sebastien,VIGIER Sebastien,TURNBULL Hamish,TURNBULL Hamish,TURNBULL Hamish,GLAETZER Matthew,https://youtu.be/yjzvdpdI-6A
2023 Glasgow WCH,9/08/2023,QF,2,5,VIGIER Sebastien,VIGIER Sebastien,QUINTERO CHAVARRO Kevin Santiago,LAVREYSEN Harrie,QUINTERO CHAVARRO Kevin Santiago,VIGIER Sebastien,VIGIER Sebastien,VIGIER Sebastien,VIGIER Sebastien,https://youtu.be/yjzvdpdI-6A
2023 Glasgow WCH,9/08/2023,QF,2,6,LAVREYSEN Harrie,LAVREYSEN Harrie,LAVREYSEN Harrie,QUINTERO CHAVARRO Kevin Santiago,JURCZYK Marc,JURCZYK Marc,JURCZYK Marc,JURCZYK Marc,JURCZYK Marc,https://youtu.be/yjzvdpdI-6A
2023 Glasgow WCH,9/08/2023,QF,3,1,HOOGLAND Jeffrey,DAKIN Sam,AWANG Mohd Azizulhasni,AWANG Mohd Azizulhasni,AWANG Mohd Azizulhasni,AWANG Mohd Azizulhasni,AWANG Mohd Azizulhasni,HOOGLAND Jeffrey,HOOGLAND Jeffrey,https://youtu.be/AGGUmUxqT9E
2023 Glasgow WCH,9/08/2023,QF,3,2,DOERNBACH Maximilian,AWANG Mohd Azizulhasni,DAKIN Sam,DAKIN Sam,DAKIN Sam,DAKIN Sam,DAKIN Sam,NAKANO Shinji,NAKANO Shinji,https://youtu.be/AGGUmUxqT9E
2023 Glasgow WCH,9/08/2023,QF,3,3,NAKANO Shinji,DOERNBACH Maximilian,DOERNBACH Maximilian,DOERNBACH Maximilian,DOERNBACH Maximilian,HOOGLAND Jeffrey,HOOGLAND Jeffrey,AWANG Mohd Azizulhasni,CORNISH Thomas,https://youtu.be/AGGUmUxqT9E
2023 Glasgow WCH,9/08/2023,QF,3,4,DAKIN Sam,HOOGLAND Jeffrey,HOOGLAND Jeffrey,HOOGLAND Jeffrey,HOOGLAND Jeffrey,DOERNBACH Maximilian,NAKANO Shinji,CORNISH Thomas,AWANG Mohd Azizulhasni,https://youtu.be/AGGUmUxqT9E
2023 Glasgow WCH,9/08/2023,QF,3,5,AWANG Mohd Azizulhasni,NAKANO Shinji,NAKANO Shinji,NAKANO Shinji,NAKANO Shinji,NAKANO Shinji,CORNISH Thomas,DAKIN Sam,DAKIN Sam,https://youtu.be/AGGUmUxqT9E
2023 Glasgow WCH,9/08/2023,QF,3,6,CORNISH Thomas,CORNISH Thomas,CORNISH Thomas,CORNISH Thomas,CORNISH Thomas,CORNISH Thomas,DOERNBACH Maximilian,DOERNBACH Maximilian,DOERNBACH Maximilian,https://youtu.be/AGGUmUxqT9E
2023 Glasgow WCH,9/08/2023,SF,1,1,QUINTERO CHAVARRO Kevin Santiago,QUINTERO CHAVARRO Kevin Santiago,CARLIN Jack,OTA Kaiya,OTA Kaiya,OTA Kaiya,OTA Kaiya,CARLIN Jack,QUINTERO CHAVARRO Kevin Santiago,vhttps://youtu.be/XAuesZfGETs
2023 Glasgow WCH,9/08/2023,SF,1,2,LAVREYSEN Harrie,CARLIN Jack,OTA Kaiya,CARLIN Jack,CARLIN Jack,CARLIN Jack,CARLIN Jack,QUINTERO CHAVARRO Kevin Santiago,CARLIN Jack,https://youtu.be/XAuesZfGETs
2023 Glasgow WCH,9/08/2023,SF,1,3,CARLIN Jack,LAVREYSEN Harrie,AWANG Mohd Azizulhasni,AWANG Mohd Azizulhasni,AWANG Mohd Azizulhasni,QUINTERO CHAVARRO Kevin Santiago,QUINTERO CHAVARRO Kevin Santiago,AWANG Mohd Azizulhasni,LAVREYSEN Harrie,vhttps://youtu.be/XAuesZfGETs
2023 Glasgow WCH,9/08/2023,SF,1,4,CORNISH Thomas,AWANG Mohd Azizulhasni,QUINTERO CHAVARRO Kevin Santiago,QUINTERO CHAVARRO Kevin Santiago,QUINTERO CHAVARRO Kevin Santiago,LAVREYSEN Harrie,LAVREYSEN Harrie,LAVREYSEN Harrie,AWANG Mohd Azizulhasni,https://youtu.be/XAuesZfGETs
2023 Glasgow WCH,9/08/2023,SF,1,5,AWANG Mohd Azizulhasni,CORNISH Thomas,LAVREYSEN Harrie,LAVREYSEN Harrie,LAVREYSEN Harrie,AWANG Mohd Azizulhasni,AWANG Mohd Azizulhasni,OTA Kaiya,OTA Kaiya,vhttps://youtu.be/XAuesZfGETs
2023 Glasgow WCH,9/08/2023,SF,1,6,OTA Kaiya,OTA Kaiya,CORNISH Thomas,CORNISH Thomas,CORNISH Thomas,CORNISH Thomas,CORNISH Thomas,CORNISH Thomas,CORNISH Thomas,https://youtu.be/XAuesZfGETs
2023 Glasgow WCH,9/08/2023,SF,2,1,GLAETZER Matthew,GLAETZER Matthew,RICHARDSON Matthew,TURNBULL Hamish,TURNBULL Hamish,NAKANO Shinji,RICHARDSON Matthew,RICHARDSON Matthew,RICHARDSON Matthew,https://youtu.be/9qCIefx_304
2023 Glasgow WCH,9/08/2023,SF,2,2,YAKOVLEV Mikhail,RICHARDSON Matthew,GLAETZER Matthew,RICHARDSON Matthew,RICHARDSON Matthew,RICHARDSON Matthew,NAKANO Shinji,NAKANO Shinji,NAKANO Shinji,https://youtu.be/9qCIefx_304
2023 Glasgow WCH,9/08/2023,SF,2,3,NAKANO Shinji,YAKOVLEV Mikhail,TURNBULL Hamish,GLAETZER Matthew,NAKANO Shinji,HOOGLAND Jeffrey,HOOGLAND Jeffrey,HOOGLAND Jeffrey,HOOGLAND Jeffrey,https://youtu.be/9qCIefx_304
2023 Glasgow WCH,9/08/2023,SF,2,4,TURNBULL Hamish,TURNBULL Hamish,YAKOVLEV Mikhail,HOOGLAND Jeffrey,GLAETZER Matthew,TURNBULL Hamish,GLAETZER Matthew,GLAETZER Matthew,GLAETZER Matthew,https://youtu.be/9qCIefx_304
2023 Glasgow WCH,9/08/2023,SF,2,5,HOOGLAND Jeffrey,HOOGLAND Jeffrey,HOOGLAND Jeffrey,YAKOVLEV Mikhail,HOOGLAND Jeffrey,GLAETZER Matthew,TURNBULL Hamish,YAKOVLEV Mikhail,YAKOVLEV Mikhail,https://youtu.be/9qCIefx_304
2023 Glasgow WCH,9/08/2023,SF,2,6,RICHARDSON Matthew,NAKANO Shinji,NAKANO Shinji,NAKANO Shinji,YAKOVLEV Mikhail,YAKOVLEV Mikhail,YAKOVLEV Mikhail,TURNBULL Hamish,TURNBULL Hamish,https://youtu.be/9qCIefx_304
2023 Glasgow WCH,9/08/2023,F,1,1,GLAETZER Matthew,GLAETZER Matthew,CORNISH Thomas,CORNISH Thomas,GLAETZER Matthew,GLAETZER Matthew,GLAETZER Matthew,GLAETZER Matthew,GLAETZER Matthew,https://youtu.be/zARosBJ8cFc
2023 Glasgow WCH,9/08/2023,F,1,2,YAKOVLEV Mikhail,YAKOVLEV Mikhail,GLAETZER Matthew,GLAETZER Matthew,CORNISH Thomas,OTA Kaiya,OTA Kaiya,OTA Kaiya,OTA Kaiya,https://youtu.be/zARosBJ8cFc
2023 Glasgow WCH,9/08/2023,F,1,3,OTA Kaiya,OTA Kaiya,YAKOVLEV Mikhail,YAKOVLEV Mikhail,OTA Kaiya,AWANG Mohd Azizulhasni,AWANG Mohd Azizulhasni,AWANG Mohd Azizulhasni,AWANG Mohd Azizulhasni,https://youtu.be/zARosBJ8cFc
2023 Glasgow WCH,9/08/2023,F,1,4,TURNBULL Hamish,CORNISH Thomas,TURNBULL Hamish,OTA Kaiya,AWANG Mohd Azizulhasni,CORNISH Thomas,CORNISH Thomas,CORNISH Thomas,CORNISH Thomas,https://youtu.be/zARosBJ8cFc
2023 Glasgow WCH,9/08/2023,F,1,5,AWANG Mohd Azizulhasni,TURNBULL Hamish,OTA Kaiya,TURNBULL Hamish,YAKOVLEV Mikhail,YAKOVLEV Mikhail,YAKOVLEV Mikhail,YAKOVLEV Mikhail,YAKOVLEV Mikhail,https://youtu.be/zARosBJ8cFc
2023 Glasgow WCH,9/08/2023,F,1,6,CORNISH Thomas,AWANG Mohd Azizulhasni,AWANG Mohd Azizulhasni,AWANG Mohd Azizulhasni,TURNBULL Hamish,TURNBULL Hamish,TURNBULL Hamish,TURNBULL Hamish,TURNBULL Hamish,https://youtu.be/zARosBJ8cFc
2023 Glasgow WCH,9/08/2023,F,2,1,HOOGLAND Jeffrey,CARLIN Jack,CARLIN Jack,LAVREYSEN Harrie,LAVREYSEN Harrie,LAVREYSEN Harrie,QUINTERO CHAVARRO Kevin Santiago,QUINTERO CHAVARRO Kevin Santiago,QUINTERO CHAVARRO Kevin Santiago,https://youtu.be/wwWYfL4OvE4
2023 Glasgow WCH,9/08/2023,F,2,2,NAKANO Shinji,RICHARDSON Matthew,RICHARDSON Matthew,RICHARDSON Matthew,RICHARDSON Matthew,RICHARDSON Matthew,LAVREYSEN Harrie,RICHARDSON Matthew,RICHARDSON Matthew,https://youtu.be/wwWYfL4OvE4
2023 Glasgow WCH,9/08/2023,F,2,3,QUINTERO CHAVARRO Kevin Santiago,HOOGLAND Jeffrey,LAVREYSEN Harrie,CARLIN Jack,HOOGLAND Jeffrey,HOOGLAND Jeffrey,RICHARDSON Matthew,NAKANO Shinji,NAKANO Shinji,https://youtu.be/wwWYfL4OvE4
2023 Glasgow WCH,9/08/2023,F,2,4,LAVREYSEN Harrie,NAKANO Shinji,HOOGLAND Jeffrey,HOOGLAND Jeffrey,CARLIN Jack,QUINTERO CHAVARRO Kevin Santiago,NAKANO Shinji,LAVREYSEN Harrie,LAVREYSEN Harrie,https://youtu.be/wwWYfL4OvE4
2023 Glasgow WCH,9/08/2023,F,2,5,RICHARDSON Matthew,QUINTERO CHAVARRO Kevin Santiago,NAKANO Shinji,NAKANO Shinji,NAKANO Shinji,CARLIN Jack,CARLIN Jack,CARLIN Jack,CARLIN Jack,https://youtu.be/wwWYfL4OvE4
2023 Glasgow WCH,9/08/2023,F,2,6,CARLIN Jack,LAVREYSEN Harrie,QUINTERO CHAVARRO Kevin Santiago,QUINTERO CHAVARRO Kevin Santiago,QUINTERO CHAVARRO Kevin Santiago,NAKANO Shinji,HOOGLAND Jeffrey,HOOGLAND Jeffrey,HOOGLAND Jeffrey,https://youtu.be/wwWYfL4OvE4
2024 Paris Oly,10/08/2024,R1,1,1,GLAETZER Matthew,GLAETZER Matthew,HELAL Ryan,HELAL Ryan,HELAL Ryan,HELAL Ryan,GLAETZER Matthew,GLAETZER Matthew,GLAETZER Matthew,https://youtu.be/ann0GqzkVJM
2024 Paris Oly,10/08/2024,R1,1,2,HELAL Ryan,HELAL Ryan,GLAETZER Matthew,GLAETZER Matthew,GLAETZER Matthew,GLAETZER Matthew,HOOGLAND Jeffrey,HOOGLAND Jeffrey,HOOGLAND Jeffrey,https://youtu.be/ann0GqzkVJM
2024 Paris Oly,10/08/2024,R1,1,3,OTA Kaiya,HOOGLAND Jeffrey,HOOGLAND Jeffrey,HOOGLAND Jeffrey,HOOGLAND Jeffrey,HOOGLAND Jeffrey,OTA Kaiya,OTA Kaiya,OTA Kaiya,https://youtu.be/ann0GqzkVJM
2024 Paris Oly,10/08/2024,R1,1,4,TJON EN FA Jair,TJON EN FA Jair,TJON EN FA Jair,TJON EN FA Jair,OTA Kaiya,OTA Kaiya,HELAL Ryan,TJON EN FA Jair,TJON EN FA Jair,https://youtu.be/ann0GqzkVJM
2024 Paris Oly,10/08/2024,R1,1,5,HOOGLAND Jeffrey,OTA Kaiya,OTA Kaiya,OTA Kaiya,TJON EN FA Jair,TJON EN FA Jair,TJON EN FA Jair,HELAL Ryan,HELAL Ryan,https://youtu.be/ann0GqzkVJM
2024 Paris Oly,10/08/2024,R1,2,1,CHUGAY Andrey,CHUGAY Andrey,CHUGAY Andrey,DOERNBACH Maximilian,DOERNBACH Maximilian,DOERNBACH Maximilian,LAVREYSEN Harrie,LAVREYSEN Harrie,LAVREYSEN Harrie,https://youtu.be/VDVQQsLP5l4
2024 Paris Oly,10/08/2024,R1,2,2,CARLIN Jack,CARLIN Jack,CARLIN Jack,CARLIN Jack,CARLIN Jack,LAVREYSEN Harrie,CARLIN Jack,CARLIN Jack,CARLIN Jack,https://youtu.be/VDVQQsLP5l4
2024 Paris Oly,10/08/2024,R1,2,3,DOERNBACH Maximilian,DOERNBACH Maximilian,DOERNBACH Maximilian,VIGIER Sebastien,VIGIER Sebastien,CARLIN Jack,DOERNBACH Maximilian,VIGIER Sebastien,VIGIER Sebastien,https://youtu.be/VDVQQsLP5l4
2024 Paris Oly,10/08/2024,R1,2,4,LAVREYSEN Harrie,VIGIER Sebastien,VIGIER Sebastien,CHUGAY Andrey,LAVREYSEN Harrie,VIGIER Sebastien,VIGIER Sebastien,ZHOU Yu,ZHOU Yu,https://youtu.be/VDVQQsLP5l4
2024 Paris Oly,10/08/2024,R1,2,5,ZHOU Yu,LAVREYSEN Harrie,LAVREYSEN Harrie,LAVREYSEN Harrie,CHUGAY Andrey,ZHOU Yu,ZHOU Yu,DOERNBACH Maximilian,CHUGAY Andrey,https://youtu.be/VDVQQsLP5l4
2024 Paris Oly,10/08/2024,R1,2,6,VIGIER Sebastien,ZHOU Yu,ZHOU Yu,ZHOU Yu,ZHOU Yu,CHUGAY Andrey,CHUGAY Andrey,CHUGAY Andrey,DOERNBACH Maximilian,https://youtu.be/VDVQQsLP5l4
2024 Paris Oly,10/08/2024,R1,3,1,RICHARDSON Matthew,RICHARDSON Matthew,TURNBULL Hamish,SPIES Jean,NAKANO Shinji,NAKANO Shinji,NAKANO Shinji,RICHARDSON Matthew,RICHARDSON Matthew,https://youtu.be/bSe0jU1yzD4
2024 Paris Oly,10/08/2024,R1,3,2,TURNBULL Hamish,TURNBULL Hamish,SPIES Jean,TURNBULL Hamish,RICHARDSON Matthew,RICHARDSON Matthew,RICHARDSON Matthew,NAKANO Shinji,NAKANO Shinji,https://youtu.be/bSe0jU1yzD4
2024 Paris Oly,10/08/2024,R1,3,3,SPIES Jean,SPIES Jean,HEDGCOCK James,NAKANO Shinji,SPIES Jean,LIU Qi,LIU Qi,LIU Qi,LIU Qi,https://youtu.be/bSe0jU1yzD4
2024 Paris Oly,10/08/2024,R1,3,4,LIU Qi,LIU Qi,RICHARDSON Matthew,HEDGCOCK James,TURNBULL Hamish,TURNBULL Hamish,TURNBULL Hamish,TURNBULL Hamish,TURNBULL Hamish,https://youtu.be/bSe0jU1yzD4
2024 Paris Oly,10/08/2024,R1,3,5,NAKANO Shinji,HEDGCOCK James,NAKANO Shinji,RICHARDSON Matthew,LIU Qi,SPIES Jean,HEDGCOCK James,HEDGCOCK James,HEDGCOCK James,https://youtu.be/bSe0jU1yzD4
2024 Paris Oly,10/08/2024,R1,3,6,HEDGCOCK James,NAKANO Shinji,LIU Qi,LIU Qi,HEDGCOCK James,HEDGCOCK James,SPIES Jean,SPIES Jean,SPIES Jean,https://youtu.be/bSe0jU1yzD4
2024 Paris Oly,10/08/2024,R1,4,1,QUINTERO CHAVARRO Kevin Santiago,QUINTERO CHAVARRO Kevin Santiago,QUINTERO CHAVARRO Kevin Santiago,YAKOVLEV Mikhail,YAKOVLEV Mikhail,YAKOVLEV Mikhail,YAKOVLEV Mikhail,YAKOVLEV Mikhail,YAKOVLEV Mikhail,https://youtu.be/lG9HG75jqP8
2024 Paris Oly,10/08/2024,R1,4,2,BROWNE Kwesi,BROWNE Kwesi,BROWNE Kwesi,QUINTERO CHAVARRO Kevin Santiago,QUINTERO CHAVARRO Kevin Santiago,QUINTERO CHAVARRO Kevin Santiago,QUINTERO CHAVARRO Kevin Santiago,QUINTERO CHAVARRO Kevin Santiago,QUINTERO CHAVARRO Kevin Santiago,https://youtu.be/lG9HG75jqP8
2024 Paris Oly,10/08/2024,R1,4,3,WAMMES Nick,WAMMES Nick,WAMMES Nick,BROWNE Kwesi,BROWNE Kwesi,BROWNE Kwesi,BROWNE Kwesi,BROWNE Kwesi,BROWNE Kwesi,https://youtu.be/lG9HG75jqP8
2024 Paris Oly,10/08/2024,R1,4,4,SPIEGEL Luca,SPIEGEL Luca,SPIEGEL Luca,WAMMES Nick,ANGSUTHASAWIT Jai,ANGSUTHASAWIT Jai,ANGSUTHASAWIT Jai,ANGSUTHASAWIT Jai,ANGSUTHASAWIT Jai,https://youtu.be/lG9HG75jqP8
2024 Paris Oly,10/08/2024,R1,4,5,ANGSUTHASAWIT Jai,ANGSUTHASAWIT Jai,YAKOVLEV Mikhail,SPIEGEL Luca,WAMMES Nick,WAMMES Nick,WAMMES Nick,WAMMES Nick,WAMMES Nick,https://youtu.be/lG9HG75jqP8
2024 Paris Oly,10/08/2024,R1,4,6,YAKOVLEV Mikhail,YAKOVLEV Mikhail,ANGSUTHASAWIT Jai,ANGSUTHASAWIT Jai,SPIEGEL Luca,SPIEGEL Luca,SPIEGEL Luca,SPIEGEL Luca,SPIEGEL Luca,https://youtu.be/lG9HG75jqP8
2024 Paris Oly,10/08/2024,R1,5,1,PAUL Nicholas,PAUL Nicholas,RUDYK Mateusz,ORTEGA FONTALVO Cristian David,ORTEGA FONTALVO Cristian David,PAUL Nicholas,PAUL Nicholas,PAUL Nicholas,PAUL Nicholas,https://youtu.be/BS0dtrWdcB8
2024 Paris Oly,10/08/2024,R1,5,2,LENDEL Vasilijus,RUDYK Mateusz,ORTEGA FONTALVO Cristian David,PAUL Nicholas,PAUL Nicholas,ORTEGA FONTALVO Cristian David,RUDYK Mateusz,RUDYK Mateusz,RUDYK Mateusz,https://youtu.be/BS0dtrWdcB8
2024 Paris Oly,10/08/2024,R1,5,3,DAKIN Sam,DAKIN Sam,DAKIN Sam,RUDYK Mateusz,RUDYK Mateusz,RUDYK Mateusz,ORTEGA FONTALVO Cristian David,ORTEGA FONTALVO Cristian David,ORTEGA FONTALVO Cristian David,https://youtu.be/BS0dtrWdcB8
2024 Paris Oly,10/08/2024,R1,5,4,RUDYK Mateusz,ORTEGA FONTALVO Cristian David,PAUL Nicholas,DAKIN Sam,DAKIN Sam,DAKIN Sam,DAKIN Sam,DAKIN Sam,DAKIN Sam,https://youtu.be/BS0dtrWdcB8
2024 Paris Oly,10/08/2024,R1,5,5,ORTEGA FONTALVO Cristian David,LENDEL Vasilijus,LENDEL Vasilijus,LENDEL Vasilijus,LENDEL Vasilijus,LENDEL Vasilijus,LENDEL Vasilijus,LENDEL Vasilijus,LENDEL Vasilijus,https://youtu.be/BS0dtrWdcB8
2024 Paris Oly,10/08/2024,Rep,1,1,ANGSUTHASAWIT Jai,DAKIN Sam,DAKIN Sam,DAKIN Sam,OTA Kaiya,OTA Kaiya,OTA Kaiya,OTA Kaiya,OTA Kaiya,https://youtu.be/Lh6jCwh0A6k
2024 Paris Oly,10/08/2024,Rep,1,2,OTA Kaiya,ANGSUTHASAWIT Jai,ANGSUTHASAWIT Jai,OTA Kaiya,DOERNBACH Maximilian,DOERNBACH Maximilian,DOERNBACH Maximilian,DAKIN Sam,DAKIN Sam,https://youtu.be/Lh6jCwh0A6k
2024 Paris Oly,10/08/2024,Rep,1,3,DOERNBACH Maximilian,OTA Kaiya,OTA Kaiya,ANGSUTHASAWIT Jai,DAKIN Sam,DAKIN Sam,DAKIN Sam,DOERNBACH Maximilian,ANGSUTHASAWIT Jai,https://youtu.be/Lh6jCwh0A6k
2024 Paris Oly,10/08/2024,Rep,1,4,SPIES Jean,DOERNBACH Maximilian,DOERNBACH Maximilian,DOERNBACH Maximilian,ANGSUTHASAWIT Jai,ANGSUTHASAWIT Jai,ANGSUTHASAWIT Jai,ANGSUTHASAWIT Jai,DOERNBACH Maximilian,https://youtu.be/Lh6jCwh0A6k
2024 Paris Oly,10/08/2024,Rep,1,5,DAKIN Sam,SPIES Jean,SPIES Jean,SPIES Jean,SPIES Jean,SPIES Jean,SPIES Jean,SPIES Jean,SPIES Jean,https://youtu.be/Lh6jCwh0A6k
2024 Paris Oly,10/08/2024,Rep,2,1,SPIEGEL Luca,SPIEGEL Luca,SPIEGEL Luca,LENDEL Vasilijus,LENDEL Vasilijus,LENDEL Vasilijus,SPIEGEL Luca,TURNBULL Hamish,TURNBULL Hamish,https://youtu.be/K2wSc3Pds2A
2024 Paris Oly,10/08/2024,Rep,2,2,TURNBULL Hamish,TURNBULL Hamish,VIGIER Sebastien,SPIEGEL Luca,SPIEGEL Luca,SPIEGEL Luca,LENDEL Vasilijus,SPIEGEL Luca,SPIEGEL Luca,https://youtu.be/K2wSc3Pds2A
2024 Paris Oly,10/08/2024,Rep,2,3,LENDEL Vasilijus,LENDEL Vasilijus,LENDEL Vasilijus,VIGIER Sebastien,VIGIER Sebastien,VIGIER Sebastien,VIGIER Sebastien,VIGIER Sebastien,VIGIER Sebastien,https://youtu.be/K2wSc3Pds2A
2024 Paris Oly,10/08/2024,Rep,2,4,VIGIER Sebastien,VIGIER Sebastien,TURNBULL Hamish,TURNBULL Hamish,TURNBULL Hamish,TURNBULL Hamish,TURNBULL Hamish,LENDEL Vasilijus,LENDEL Vasilijus,https://youtu.be/K2wSc3Pds2A
2024 Paris Oly,10/08/2024,Rep,3,1,WAMMES Nick,WAMMES Nick,WAMMES Nick,WAMMES Nick,WAMMES Nick,WAMMES Nick,WAMMES Nick,WAMMES Nick,SAHROM Muhammad Shah Firdaus,https://youtu.be/HGO7ZaBmsr8
2024 Paris Oly,10/08/2024,Rep,3,2,SAHROM Muhammad Shah Firdaus,SAHROM Muhammad Shah Firdaus,SAHROM Muhammad Shah Firdaus,TJON EN FA Jair,SAHROM Muhammad Shah Firdaus,SAHROM Muhammad Shah Firdaus,SAHROM Muhammad Shah Firdaus,SAHROM Muhammad Shah Firdaus,WAMMES Nick,https://youtu.be/HGO7ZaBmsr8
2024 Paris Oly,10/08/2024,Rep,3,3,TJON EN FA Jair,TJON EN FA Jair,TJON EN FA Jair,SAHROM Muhammad Shah Firdaus,TJON EN FA Jair,TJON EN FA Jair,TJON EN FA Jair,LIU Qi,LIU Qi,https://youtu.be/HGO7ZaBmsr8
2024 Paris Oly,10/08/2024,Rep,3,4,LIU Qi,LIU Qi,LIU Qi,LIU Qi,LIU Qi,LIU Qi,LIU Qi,TJON EN FA Jair,TJON EN FA Jair,https://youtu.be/HGO7ZaBmsr8
2024 Paris Oly,10/08/2024,QF,1,1,CARLIN Jack,CARLIN Jack,GLAETZER Matthew,GLAETZER Matthew,OTA Kaiya,OTA Kaiya,GLAETZER Matthew,GLAETZER Matthew,CARLIN Jack,https://youtu.be/TjBBmabJdTw
2024 Paris Oly,10/08/2024,QF,1,2,GLAETZER Matthew,GLAETZER Matthew,CARLIN Jack,OTA Kaiya,GLAETZER Matthew,GLAETZER Matthew,OTA Kaiya,CARLIN Jack,GLAETZER Matthew,https://youtu.be/TjBBmabJdTw
2024 Paris Oly,10/08/2024,QF,1,3,YAKOVLEV Mikhail,OTA Kaiya,OTA Kaiya,CARLIN Jack,YAKOVLEV Mikhail,YAKOVLEV Mikhail,YAKOVLEV Mikhail,OTA Kaiya,SAHROM Muhammad Shah Firdaus,https://youtu.be/TjBBmabJdTw
2024 Paris Oly,10/08/2024,QF,1,4,SAHROM Muhammad Shah Firdaus,YAKOVLEV Mikhail,YAKOVLEV Mikhail,YAKOVLEV Mikhail,CARLIN Jack,CARLIN Jack,CARLIN Jack,SAHROM Muhammad Shah Firdaus,OTA Kaiya,https://youtu.be/TjBBmabJdTw
2024 Paris Oly,10/08/2024,QF,1,5,OTA Kaiya,SAHROM Muhammad Shah Firdaus,SAHROM Muhammad Shah Firdaus,SAHROM Muhammad Shah Firdaus,SAHROM Muhammad Shah Firdaus,SAHROM Muhammad Shah Firdaus,SAHROM Muhammad Shah Firdaus,YAKOVLEV Mikhail,YAKOVLEV Mikhail,https://youtu.be/TjBBmabJdTw
2024 Paris Oly,10/08/2024,QF,1,6,HEDGCOCK James,HEDGCOCK James,HEDGCOCK James,HEDGCOCK James,HEDGCOCK James,HEDGCOCK James,HEDGCOCK James,HEDGCOCK James,HEDGCOCK James,https://youtu.be/TjBBmabJdTw
2024 Paris Oly,10/08/2024,QF,2,1,LAVREYSEN Harrie,LAVREYSEN Harrie,WAMMES Nick,WAMMES Nick,NAKANO Shinji,LAVREYSEN Harrie,LAVREYSEN Harrie,LAVREYSEN Harrie,LAVREYSEN Harrie,https://youtu.be/04Du6jGypiA
2024 Paris Oly,10/08/2024,QF,2,2,TURNBULL Hamish,TURNBULL Hamish,NAKANO Shinji,NAKANO Shinji,WAMMES Nick,NAKANO Shinji,TURNBULL Hamish,TURNBULL Hamish,TURNBULL Hamish,https://youtu.be/04Du6jGypiA
2024 Paris Oly,10/08/2024,QF,2,3,NAKANO Shinji,WAMMES Nick,LAVREYSEN Harrie,LAVREYSEN Harrie,LAVREYSEN Harrie,TURNBULL Hamish,ORTEGA FONTALVO Cristian David,ORTEGA FONTALVO Cristian David,ORTEGA FONTALVO Cristian David,https://youtu.be/04Du6jGypiA
2024 Paris Oly,10/08/2024,QF,2,4,ORTEGA FONTALVO Cristian David,NAKANO Shinji,TURNBULL Hamish,TURNBULL Hamish,TURNBULL Hamish,ORTEGA FONTALVO Cristian David,NAKANO Shinji,NAKANO Shinji,NAKANO Shinji,https://youtu.be/04Du6jGypiA
2024 Paris Oly,10/08/2024,QF,2,5,WAMMES Nick,ORTEGA FONTALVO Cristian David,ORTEGA FONTALVO Cristian David,PAUL Nicholas,PAUL Nicholas,WAMMES Nick,PAUL Nicholas,PAUL Nicholas,PAUL Nicholas,https://youtu.be/04Du6jGypiA
2024 Paris Oly,10/08/2024,QF,2,6,PAUL Nicholas,PAUL Nicholas,PAUL Nicholas,ORTEGA FONTALVO Cristian David,ORTEGA FONTALVO Cristian David,PAUL Nicholas,WAMMES Nick,WAMMES Nick,WAMMES Nick,https://youtu.be/04Du6jGypiA
2024 Paris Oly,10/08/2024,QF,3,1,RICHARDSON Matthew,RICHARDSON Matthew,DAKIN Sam,DAKIN Sam,DAKIN Sam,RICHARDSON Matthew,RICHARDSON Matthew,RICHARDSON Matthew,RICHARDSON Matthew,https://youtu.be/4Tb-6vgTVBk
2024 Paris Oly,10/08/2024,QF,3,2,DAKIN Sam,DAKIN Sam,RICHARDSON Matthew,RICHARDSON Matthew,RICHARDSON Matthew,DAKIN Sam,DAKIN Sam,DAKIN Sam,DAKIN Sam,https://youtu.be/4Tb-6vgTVBk
2024 Paris Oly,10/08/2024,QF,3,3,SPIEGEL Luca,SPIEGEL Luca,SPIEGEL Luca,SPIEGEL Luca,SPIEGEL Luca,SPIEGEL Luca,SPIEGEL Luca,RUDYK Mateusz,RUDYK Mateusz,https://youtu.be/4Tb-6vgTVBk
2024 Paris Oly,10/08/2024,QF,3,4,QUINTERO CHAVARRO Kevin Santiago,QUINTERO CHAVARRO Kevin Santiago,HOOGLAND Jeffrey,HOOGLAND Jeffrey,QUINTERO CHAVARRO Kevin Santiago,QUINTERO CHAVARRO Kevin Santiago,QUINTERO CHAVARRO Kevin Santiago,SPIEGEL Luca,SPIEGEL Luca,https://youtu.be/4Tb-6vgTVBk
2024 Paris Oly,10/08/2024,QF,3,5,HOOGLAND Jeffrey,HOOGLAND Jeffrey,QUINTERO CHAVARRO Kevin Santiago,QUINTERO CHAVARRO Kevin Santiago,HOOGLAND Jeffrey,HOOGLAND Jeffrey,HOOGLAND Jeffrey,HOOGLAND Jeffrey,HOOGLAND Jeffrey,https://youtu.be/4Tb-6vgTVBk
2024 Paris Oly,10/08/2024,QF,3,6,RUDYK Mateusz,RUDYK Mateusz,RUDYK Mateusz,RUDYK Mateusz,RUDYK Mateusz,RUDYK Mateusz,RUDYK Mateusz,QUINTERO CHAVARRO Kevin Santiago,QUINTERO CHAVARRO Kevin Santiago,https://youtu.be/4Tb-6vgTVBk
2024 Paris Oly,10/08/2024,SF,1,1,CARLIN Jack,CARLIN Jack,DAKIN Sam,DAKIN Sam,DAKIN Sam,DAKIN Sam,CARLIN Jack,CARLIN Jack,CARLIN Jack,https://youtu.be/qVOLWvTxW34
2024 Paris Oly,10/08/2024,SF,1,2,DAKIN Sam,DAKIN Sam,CARLIN Jack,RUDYK Mateusz,CARLIN Jack,CARLIN Jack,GLAETZER Matthew,GLAETZER Matthew,GLAETZER Matthew,https://youtu.be/qVOLWvTxW34
2024 Paris Oly,10/08/2024,SF,1,3,ORTEGA FONTALVO Cristian David,RUDYK Mateusz,RUDYK Mateusz,CARLIN Jack,ORTEGA FONTALVO Cristian David,GLAETZER Matthew,DAKIN Sam,NAKANO Shinji,NAKANO Shinji,https://youtu.be/qVOLWvTxW34
2024 Paris Oly,10/08/2024,SF,1,4,NAKANO Shinji,ORTEGA FONTALVO Cristian David,ORTEGA FONTALVO Cristian David,GLAETZER Matthew,GLAETZER Matthew,ORTEGA FONTALVO Cristian David,NAKANO Shinji,ORTEGA FONTALVO Cristian David,ORTEGA FONTALVO Cristian David,https://youtu.be/qVOLWvTxW34
2024 Paris Oly,10/08/2024,SF,1,5,GLAETZER Matthew,GLAETZER Matthew,GLAETZER Matthew,ORTEGA FONTALVO Cristian David,RUDYK Mateusz,NAKANO Shinji,ORTEGA FONTALVO Cristian David,DAKIN Sam,DAKIN Sam,https://youtu.be/qVOLWvTxW34
2024 Paris Oly,10/08/2024,SF,1,6,RUDYK Mateusz,NAKANO Shinji,NAKANO Shinji,NAKANO Shinji,NAKANO Shinji,RUDYK Mateusz,RUDYK Mateusz,RUDYK Mateusz,RUDYK Mateusz,https://youtu.be/qVOLWvTxW34
2024 Paris Oly,10/08/2024,SF,2,1,RICHARDSON Matthew,RICHARDSON Matthew,SPIEGEL Luca,LAVREYSEN Harrie,LAVREYSEN Harrie,LAVREYSEN Harrie,RICHARDSON Matthew,RICHARDSON Matthew,RICHARDSON Matthew,https://youtu.be/47r3U6EP_kQ
2024 Paris Oly,10/08/2024,SF,2,2,OTA Kaiya,OTA Kaiya,LAVREYSEN Harrie,SPIEGEL Luca,SPIEGEL Luca,SPIEGEL Luca,LAVREYSEN Harrie,LAVREYSEN Harrie,LAVREYSEN Harrie,https://youtu.be/47r3U6EP_kQ
2024 Paris Oly,10/08/2024,SF,2,3,SPIEGEL Luca,SPIEGEL Luca,RICHARDSON Matthew,TURNBULL Hamish,SAHROM Muhammad Shah Firdaus,RICHARDSON Matthew,SPIEGEL Luca,OTA Kaiya,OTA Kaiya,https://youtu.be/47r3U6EP_kQ
2024 Paris Oly,10/08/2024,SF,2,4,TURNBULL Hamish,TURNBULL Hamish,TURNBULL Hamish,SAHROM Muhammad Shah Firdaus,TURNBULL Hamish,SAHROM Muhammad Shah Firdaus,OTA Kaiya,SAHROM Muhammad Shah Firdaus,SAHROM Muhammad Shah Firdaus,https://youtu.be/47r3U6EP_kQ
2024 Paris Oly,10/08/2024,SF,2,5,LAVREYSEN Harrie,LAVREYSEN Harrie,SAHROM Muhammad Shah Firdaus,RICHARDSON Matthew,RICHARDSON Matthew,TURNBULL Hamish,SAHROM Muhammad Shah Firdaus,TURNBULL Hamish,,https://youtu.be/47r3U6EP_kQ
2024 Paris Oly,10/08/2024,SF,2,6,SAHROM Muhammad Shah Firdaus,SAHROM Muhammad Shah Firdaus,OTA Kaiya,OTA Kaiya,OTA Kaiya,OTA Kaiya,TURNBULL Hamish,SPIEGEL Luca,,https://youtu.be/47r3U6EP_kQ
2024 Paris Oly,10/08/2024,F,1,1,SPIEGEL Luca,SPIEGEL Luca,DAKIN Sam,DAKIN Sam,ORTEGA FONTALVO Cristian David,ORTEGA FONTALVO Cristian David,ORTEGA FONTALVO Cristian David,ORTEGA FONTALVO Cristian David,ORTEGA FONTALVO Cristian David,https://youtu.be/_GBMiVsaBgo
2024 Paris Oly,10/08/2024,F,1,2,DAKIN Sam,DAKIN Sam,SPIEGEL Luca,SPIEGEL Luca,DAKIN Sam,DAKIN Sam,DAKIN Sam,DAKIN Sam,DAKIN Sam,https://youtu.be/_GBMiVsaBgo
2024 Paris Oly,10/08/2024,F,1,3,ORTEGA FONTALVO Cristian David,ORTEGA FONTALVO Cristian David,ORTEGA FONTALVO Cristian David,ORTEGA FONTALVO Cristian David,SPIEGEL Luca,RUDYK Mateusz,RUDYK Mateusz,SPIEGEL Luca,SPIEGEL Luca,https://youtu.be/_GBMiVsaBgo
2024 Paris Oly,10/08/2024,F,1,4,RUDYK Mateusz,RUDYK Mateusz,RUDYK Mateusz,RUDYK Mateusz,RUDYK Mateusz,SPIEGEL Luca,SPIEGEL Luca,RUDYK Mateusz,RUDYK Mateusz,https://youtu.be/_GBMiVsaBgo
2024 Paris Oly,10/08/2024,F,2,1,NAKANO Shinji,NAKANO Shinji,NAKANO Shinji,GLAETZER Matthew,GLAETZER Matthew,GLAETZER Matthew,LAVREYSEN Harrie,LAVREYSEN Harrie,LAVREYSEN Harrie,https://youtu.be/KVkfCNkY-uo
2024 Paris Oly,10/08/2024,F,2,2,LAVREYSEN Harrie,LAVREYSEN Harrie,GLAETZER Matthew,NAKANO Shinji,NAKANO Shinji,LAVREYSEN Harrie,RICHARDSON Matthew,RICHARDSON Matthew,RICHARDSON Matthew,https://youtu.be/KVkfCNkY-uo
2024 Paris Oly,10/08/2024,F,2,3,GLAETZER Matthew,GLAETZER Matthew,LAVREYSEN Harrie,LAVREYSEN Harrie,LAVREYSEN Harrie,NAKANO Shinji,NAKANO Shinji,CARLIN Jack,GLAETZER Matthew,https://youtu.be/KVkfCNkY-uo
2024 Paris Oly,10/08/2024,F,2,4,CARLIN Jack,CARLIN Jack,CARLIN Jack,CARLIN Jack,SAHROM Muhammad Shah Firdaus,RICHARDSON Matthew,SAHROM Muhammad Shah Firdaus,NAKANO Shinji,SAHROM Muhammad Shah Firdaus,https://youtu.be/KVkfCNkY-uo
2024 Paris Oly,10/08/2024,F,2,5,SAHROM Muhammad Shah Firdaus,SAHROM Muhammad Shah Firdaus,SAHROM Muhammad Shah Firdaus,SAHROM Muhammad Shah Firdaus,RICHARDSON Matthew,SAHROM Muhammad Shah Firdaus,GLAETZER Matthew,SAHROM Muhammad Shah Firdaus,,https://youtu.be/KVkfCNkY-uo
2024 Paris Oly,10/08/2024,F,2,6,RICHARDSON Matthew,RICHARDSON Matthew,RICHARDSON Matthew,RICHARDSON Matthew,CARLIN Jack,CARLIN Jack,CARLIN Jack,GLAETZER Matthew,,https://youtu.be/KVkfCNkY-uo
2025 Konya NC,15/03/2025,F,1,1,WAMMES Nick,WAMMES Nick,YAMASAKI Kento,van LOON Tijmen,van LOON Tijmen,HOFFMAN Leigh,HOFFMAN Leigh,HOFFMAN Leigh,HOFFMAN Leigh,
2025 Konya NC,15/03/2025,F,1,2,ESOW Esow,ESOW Esow,van LOON Tijmen,YAMASAKI Kento,YAMASAKI Kento,van LOON Tijmen,YAMASAKI Kento,YAMASAKI Kento,YAMASAKI Kento,
2025 Konya NC,15/03/2025,F,1,3,HOFFMAN Leigh,HOFFMAN Leigh,WAMMES Nick,WAMMES Nick,WAMMES Nick,YAMASAKI Kento,ESOW Esow,ESOW Esow,ESOW Esow,
2025 Konya NC,15/03/2025,F,1,4,DODYK Ryan,DODYK Ryan,ESOW Esow,ESOW Esow,HOFFMAN Leigh,ESOW Esow,DODYK Ryan,DODYK Ryan,DODYK Ryan,
2025 Konya NC,15/03/2025,F,1,5,van LOON Tijmen,YAMASAKI Kento,HOFFMAN Leigh,HOFFMAN Leigh,ESOW Esow,WAMMES Nick,van LOON Tijmen,WAMMES Nick,WAMMES Nick,
2025 Konya NC,15/03/2025,F,1,6,YAMASAKI Kento,van LOON Tijmen,DODYK Ryan,DODYK Ryan,DODYK Ryan,DODYK Ryan,WAMMES Nick,van LOON Tijmen,van LOON Tijmen,
2025 Konya NC,15/03/2025,F,2,1,VIGIER Sebastien,VIGIER Sebastien,VIGIER Sebastien,DERACHE Tom,DERACHE Tom,DERACHE Tom,VIGIER Sebastien,VIGIER Sebastien,SAHROM Muhammad Shah Firdaus,
2025 Konya NC,15/03/2025,F,2,2,DERACHE Tom,DERACHE Tom,DERACHE Tom,VIGIER Sebastien,VIGIER Sebastien,VIGIER Sebastien,DERACHE Tom,SAHROM Muhammad Shah Firdaus,VIGIER Sebastien,
2025 Konya NC,15/03/2025,F,2,3,NAKANO Shinji,NAKANO Shinji,DAKIN Sam,DAKIN Sam,DAKIN Sam,SAHROM Muhammad Shah Firdaus,SAHROM Muhammad Shah Firdaus,DERACHE Tom,NAKANO Shinji,
2025 Konya NC,15/03/2025,F,2,4,BARBER Daniel,BARBER Daniel,NAKANO Shinji,NAKANO Shinji,NAKANO Shinji,DAKIN Sam,NAKANO Shinji,NAKANO Shinji,DERACHE Tom,
2025 Konya NC,15/03/2025,F,2,5,SAHROM Muhammad Shah Firdaus,DAKIN Sam,BARBER Daniel,BARBER Daniel,SAHROM Muhammad Shah Firdaus,NAKANO Shinji,DAKIN Sam,DAKIN Sam,DAKIN Sam,
2025 Konya NC,15/03/2025,F,2,6,DAKIN Sam,SAHROM Muhammad Shah Firdaus,SAHROM Muhammad Shah Firdaus,SAHROM Muhammad Shah Firdaus,BARBER Daniel,BARBER Daniel,BARBER Daniel,BARBER Daniel,BARBER Daniel,
2025 Konya NC,15/03/2025,R1,2,1,MARASAS Mateo Nicolas,MARASAS Mateo Nicolas,MARASAS Mateo Nicolas,MARASAS Mateo Nicolas,MARASAS Mateo Nicolas,NAKANO Shinji,NAKANO Shinji,NAKANO Shinji,NAKANO Shinji,
2025 Konya NC,15/03/2025,R1,2,2,DORNBACH Maximilian,DORNBACH Maximilian,DORNBACH Maximilian,DORNBACH Maximilian,DORNBACH Maximilian,DORNBACH Maximilian,DORNBACH Maximilian,DODYK Ryan,DODYK Ryan,
2025 Konya NC,15/03/2025,R1,2,3,DANYLCHUK Bohdan,DANYLCHUK Bohdan,DANYLCHUK Bohdan,DANYLCHUK Bohdan,DANYLCHUK Bohdan,DODYK Ryan,DODYK Ryan,DORNBACH Maximilian,DORNBACH Maximilian,
2025 Konya NC,15/03/2025,R1,2,4,BARBER Daniel,KOOL Daan,KOOL Daan,KOOL Daan,KOOL Daan,MARASAS Mateo Nicolas,KOOL Daan,KOOL Daan,KOOL Daan,
2025 Konya NC,15/03/2025,R1,2,5,KOOL Daan,BARBER Daniel,BARBER Daniel,BARBER Daniel,DODYK Ryan,KOOL Daan,MARASAS Mateo Nicolas,MARASAS Mateo Nicolas,MARASAS Mateo Nicolas,
2025 Konya NC,15/03/2025,R1,2,6,DODYK Ryan,DODYK Ryan,DODYK Ryan,DODYK Ryan,NAKANO Shinji,DANYLCHUK Bohdan,DANYLCHUK Bohdan,DANYLCHUK Bohdan,DANYLCHUK Bohdan,
2025 Konya NC,15/03/2025,R1,2,7,NAKANO Shinji,NAKANO Shinji,NAKANO Shinji,NAKANO Shinji,BARBER Daniel,BARBER Daniel,BARBER Daniel,BARBER Daniel,BARBER Daniel,
2025 Konya NC,15/03/2025,R1,3,1,YUNG Tsun Ho,YUNG Tsun Ho,YUNG Tsun Ho,PHILLIP Njisane,PHILLIP Njisane,YAMASAKI Kento,YAMASAKI Kento,YAMASAKI Kento,SAHROM Muhammad Shah Firdaus,
2025 Konya NC,15/03/2025,R1,3,2,YAMASAKI Kento,YAMASAKI Kento,PHILLIP Njisane,YUNG Tsun Ho,YUNG Tsun Ho,DENYSENKO Vladyslav,DENYSENKO Vladyslav,SAHROM Muhammad Shah Firdaus,YAMASAKI Kento,
2025 Konya NC,15/03/2025,R1,3,3,PHILLIP Njisane,DENYSENKO Vladyslav,YAMASAKI Kento,YAMASAKI Kento,YAMASAKI Kento,PHILLIP Njisane,ESOW Esow,DENYSENKO Vladyslav,DENYSENKO Vladyslav,
2025 Konya NC,15/03/2025,R1,3,4,ESOW Esow,PHILLIP Njisane,DENYSENKO Vladyslav,DENYSENKO Vladyslav,DENYSENKO Vladyslav,YUNG Tsun Ho,SAHROM Muhammad Shah Firdaus,ESOW Esow,ESOW Esow,
2025 Konya NC,15/03/2025,R1,3,5,del MEDICO Fabio,ESOW Esow,ESOW Esow,ESOW Esow,del MEDICO Fabio,ESOW Esow,PHILLIP Njisane,del MEDICO Fabio,del MEDICO Fabio,
2025 Konya NC,15/03/2025,R1,3,6,DENYSENKO Vladyslav,del MEDICO Fabio,del MEDICO Fabio,del MEDICO Fabio,ESOW Esow,SAHROM Muhammad Shah Firdaus,del MEDICO Fabio,PHILLIP Njisane,PHILLIP Njisane,
2025 Konya NC,15/03/2025,R1,3,7,SAHROM Muhammad Shah Firdaus,SAHROM Muhammad Shah Firdaus,SAHROM Muhammad Shah Firdaus,SAHROM Muhammad Shah Firdaus,SAHROM Muhammad Shah Firdaus,del MEDICO Fabio,YUNG Tsun Ho,YUNG Tsun Ho,YUNG Tsun Ho,
2025 Konya NC,15/03/2025,R1,4,1,VIGIER Sebastien,VIGIER Sebastien,LI Zhiwei,MOHD ZONIS Muhammad Fadh,MOHD ZONIS Muhammad Fadh,MOHD ZONIS Muhammad Fadh,VIGIER Sebastien,VIGIER Sebastien,VIGIER Sebastien,
2025 Konya NC,15/03/2025,R1,4,2,MOHD ZONIS Muhammad Fadh,MOHD ZONIS Muhammad Fadh,VIGIER Sebastien,LI Zhiwei,LI Zhiwei,LI Zhiwei,MOHD ZONIS Muhammad Fadh,TAMME Matej,TAMME Matej,
2025 Konya NC,15/03/2025,R1,4,3,HOFFMAN Leigh,LI Zhiwei,MOHD ZONIS Muhammad Fadh,VIGIER Sebastien,VIGIER Sebastien,HOFFMAN Leigh,TAMME Matej,SINGH LAITONJAM Ronaldo,SINGH LAITONJAM Ronaldo,
2025 Konya NC,15/03/2025,R1,4,4,TAMME Matej,HOFFMAN Leigh,HOFFMAN Leigh,HOFFMAN Leigh,HOFFMAN Leigh,VIGIER Sebastien,LI Zhiwei,MOHD ZONIS Muhammad Fadh,MOHD ZONIS Muhammad Fadh,
2025 Konya NC,15/03/2025,R1,4,5,LI Zhiwei,TAMME Matej,TAMME Matej,TAMME Matej,TAMME Matej,TAMME Matej,SINGH LAITONJAM Ronaldo,MUKHTAR Ramazan,MUKHTAR Ramazan,
2025 Konya NC,15/03/2025,R1,4,6,MUKHTAR Ramazan,MUKHTAR Ramazan,SINGH LAITONJAM Ronaldo,SINGH LAITONJAM Ronaldo,SINGH LAITONJAM Ronaldo,SINGH LAITONJAM Ronaldo,MUKHTAR Ramazan,LI Zhiwei,LI Zhiwei,
2025 Konya NC,15/03/2025,R1,4,7,SINGH LAITONJAM Ronaldo,SINGH LAITONJAM Ronaldo,MUKHTAR Ramazan,MUKHTAR Ramazan,MUKHTAR Ramazan,MUKHTAR Ramazan,HOFFMAN Leigh,HOFFMAN Leigh,HOFFMAN Leigh,
2025 Konya NC,15/03/2025,R1,5,1,VINSKAS Laurynas,CECHMAN Martin,CECHMAN Martin,CECHMAN Martin,DAKIN Sam,DAKIN Sam,DAKIN Sam,DAKIN Sam,DAKIN Sam,
2025 Konya NC,15/03/2025,R1,5,2,CECHMAN Martin,VINSKAS Laurynas,VERDUGO OSUNA Edgar,VERDUGO OSUNA Edgar,CECHMAN Martin,MORO Stefano,MORO Stefano,MORO Stefano,MORO Stefano,
2025 Konya NC,15/03/2025,R1,5,3,DAKIN Sam,DAKIN Sam,VINSKAS Laurynas,VINSKAS Laurynas,MORO Stefano,VERDUGO OSUNA Edgar,VERDUGO OSUNA Edgar,VERDUGO OSUNA Edgar,VERDUGO OSUNA Edgar,
2025 Konya NC,15/03/2025,R1,5,4,VERDUGO OSUNA Edgar,VERDUGO OSUNA Edgar,DAKIN Sam,DAKIN Sam,VERDUGO OSUNA Edgar,CECHMAN Martin,BURAWSKI Konrad,BURAWSKI Konrad,BURAWSKI Konrad,
2025 Konya NC,15/03/2025,R1,5,5,BURAWSKI Konrad,BURAWSKI Konrad,BURAWSKI Konrad,MORO Stefano,BURAWSKI Konrad,BURAWSKI Konrad,VINSKAS Laurynas,VINSKAS Laurynas,VINSKAS Laurynas,
2025 Konya NC,15/03/2025,R1,5,6,MORO Stefano,MORO Stefano,MORO Stefano,BURAWSKI Konrad,VINSKAS Laurynas,VINSKAS Laurynas,CECHMAN Martin,CECHMAN Martin,CECHMAN Martin,
2025 Konya NC,15/03/2025,R1,1,1,DERACHE Tom,DERACHE Tom,DERACHE Tom,RADFORD Harry,WAMMES Nick,WAMMES Nick,WAMMES Nick,WAMMES Nick,WAMMES Nick,
2025 Konya NC,15/03/2025,R1,1,2,RADFORD Harry,RADFORD Harry,RADFORD Harry,WAMMES Nick,SARNECKI Rafal,SARNECKI Rafal,SARNECKI Rafal,SARNECKI Rafal,SARNECKI Rafal,
2025 Konya NC,15/03/2025,R1,1,3,PULIDO Zion,PULIDO Zion,PULIDO Zion,DERACHE Tom,RADFORD Harry,RADFORD Harry,RADFORD Harry,RADFORD Harry,DERACHE Tom,
2025 Konya NC,15/03/2025,R1,1,4,SARNECKI Rafal,SARNECKI Rafal,SARNECKI Rafal,PULIDO Zion,DERACHE Tom,DERACHE Tom,DERACHE Tom,DERACHE Tom,RADFORD Harry,
2025 Konya NC,15/03/2025,R1,1,5,WAMMES Nick,WAMMES Nick,WAMMES Nick,TO Cheuk Hei,TO Cheuk Hei,TO Cheuk Hei,TO Cheuk Hei,KALACHNIK Nikita,KALACHNIK Nikita,
2025 Konya NC,15/03/2025,R1,1,6,KALACHNIK Nikita,KALACHNIK Nikita,TO Cheuk Hei,SARNECKI Rafal,KALACHNIK Nikita,KALACHNIK Nikita,KALACHNIK Nikita,TO Cheuk Hei,TO Cheuk Hei,
2025 Konya NC,15/03/2025,R1,1,7,TO Cheuk Hei,TO Cheuk Hei,KALACHNIK Nikita,KALACHNIK Nikita,PULIDO Zion,PULIDO Zion,PULIDO Zion,PULIDO Zion,PULIDO Zion,
2025 Konya NC,15/03/2025,R1,6,1,LEDINGHAM-HORN Harry,LEDINGHAM-HORN Harry,SPIEGEL Luca,SPIEGEL Luca,van LOON Tijmen,van LOON Tijmen,van LOON Tijmen,van LOON Tijmen,van LOON Tijmen,
2025 Konya NC,15/03/2025,R1,6,2,VILAR Lucas Oscar,VILAR Lucas Oscar,LEDINGHAM-HORN Harry,LEDINGHAM-HORN Harry,SPIEGEL Luca,CHUGAY Andrey,CHUGAY Andrey,LEDINGHAM-HORN Harry,LEDINGHAM-HORN Harry,
2025 Konya NC,15/03/2025,R1,6,3,VADAPALAS Eimantas,van LOON Tijmen,VADAPALAS Eimantas,VADAPALAS Eimantas,CHUGAY Andrey,SPIEGEL Luca,SPIEGEL Luca,SPIEGEL Luca,SPIEGEL Luca,
2025 Konya NC,15/03/2025,R1,6,4,van LOON Tijmen,VADAPALAS Eimantas,VILAR Lucas Oscar,VILAR Lucas Oscar,LEDINGHAM-HORN Harry,LEDINGHAM-HORN Harry,LEDINGHAM-HORN Harry,VILAR Lucas Oscar,VILAR Lucas Oscar,
2025 Konya NC,15/03/2025,R1,6,5,SPIEGEL Luca,SPIEGEL Luca,van LOON Tijmen,van LOON Tijmen,VILAR Lucas Oscar,VILAR Lucas Oscar,VILAR Lucas Oscar,CHUGAY Andrey,CHUGAY Andrey,
2025 Konya NC,15/03/2025,R1,6,6,CHUGAY Andrey,CHUGAY Andrey,CHUGAY Andrey,CHUGAY Andrey,VADAPALAS Eimantas,VADAPALAS Eimantas,VADAPALAS Eimantas,VADAPALAS Eimantas,VADAPALAS Eimantas,
2025 Konya NC,15/03/2025,Rep,1,1,YAMASAKI Kento,YAMASAKI Kento,YAMASAKI Kento,KOOL Daan,KOOL Daan,KOOL Daan,YAMASAKI Kento,YAMASAKI Kento,YAMASAKI Kento,
2025 Konya NC,15/03/2025,Rep,1,2,RADFORD Harry,RADFORD Harry,KOOL Daan,YAMASAKI Kento,YAMASAKI Kento,YAMASAKI Kento,MORO Stefano,MORO Stefano,MORO Stefano,
2025 Konya NC,15/03/2025,Rep,1,3,KOOL Daan,KOOL Daan,RADFORD Harry,RADFORD Harry,MORO Stefano,MORO Stefano,KOOL Daan,RADFORD Harry,RADFORD Harry,
2025 Konya NC,15/03/2025,Rep,1,4,MORO Stefano,MORO Stefano,MORO Stefano,MORO Stefano,RADFORD Harry,RADFORD Harry,RADFORD Harry,LI Zhiwei,LI Zhiwei,
2025 Konya NC,15/03/2025,Rep,1,5,LI Zhiwei,LI Zhiwei,LI Zhiwei,LI Zhiwei,LI Zhiwei,LI Zhiwei,LI Zhiwei,KOOL Daan,KOOL Daan,
2025 Konya NC,15/03/2025,Rep,2,1,MARASAS Mateo Nicolas,MARASAS Mateo Nicolas,MUKHTAR Ramazan,MUKHTAR Ramazan,MARASAS Mateo Nicolas,MUKHTAR Ramazan,CECHMAN Martin,ESOW Esow,ESOW Esow,
2025 Konya NC,15/03/2025,Rep,2,2,CECHMAN Martin,CECHMAN Martin,MARASAS Mateo Nicolas,MARASAS Mateo Nicolas,MUKHTAR Ramazan,CECHMAN Martin,ESOW Esow,CECHMAN Martin,CECHMAN Martin,
2025 Konya NC,15/03/2025,Rep,2,3,TO Cheuk Hei,MUKHTAR Ramazan,CECHMAN Martin,CECHMAN Martin,CECHMAN Martin,TO Cheuk Hei,TO Cheuk Hei,TO Cheuk Hei,TO Cheuk Hei,
2025 Konya NC,15/03/2025,Rep,2,4,MUKHTAR Ramazan,TO Cheuk Hei,TO Cheuk Hei,TO Cheuk Hei,TO Cheuk Hei,ESOW Esow,MUKHTAR Ramazan,MUKHTAR Ramazan,MUKHTAR Ramazan,
2025 Konya NC,15/03/2025,Rep,2,5,ESOW Esow,ESOW Esow,ESOW Esow,ESOW Esow,ESOW Esow,MARASAS Mateo Nicolas,MARASAS Mateo Nicolas,MARASAS Mateo Nicolas,MARASAS Mateo Nicolas,
2025 Konya NC,15/03/2025,Rep,3,1,MOHD ZONIS Muhammad Fadh,MOHD ZONIS Muhammad Fadh,MOHD ZONIS Muhammad Fadh,MOHD ZONIS Muhammad Fadh,BARBER Daniel,BARBER Daniel,BARBER Daniel,BARBER Daniel,BARBER Daniel,
2025 Konya NC,15/03/2025,Rep,3,2,YUNG Tsun Ho,YUNG Tsun Ho,YUNG Tsun Ho,YUNG Tsun Ho,MOHD ZONIS Muhammad Fadh,MOHD ZONIS Muhammad Fadh,MOHD ZONIS Muhammad Fadh,MOHD ZONIS Muhammad Fadh,MOHD ZONIS Muhammad Fadh,
2025 Konya NC,15/03/2025,Rep,3,3,SARNECKI Rafal,SARNECKI Rafal,SARNECKI Rafal,BARBER Daniel,YUNG Tsun Ho,SARNECKI Rafal,SARNECKI Rafal,SARNECKI Rafal,SARNECKI Rafal,
2025 Konya NC,15/03/2025,Rep,3,4,DANYLCHUK Bohdan,DANYLCHUK Bohdan,DANYLCHUK Bohdan,SARNECKI Rafal,VINSKAS Laurynas,YUNG Tsun Ho,YUNG Tsun Ho,YUNG Tsun Ho,YUNG Tsun Ho,
2025 Konya NC,15/03/2025,Rep,3,5,BARBER Daniel,BARBER Daniel,BARBER Daniel,VINSKAS Laurynas,SARNECKI Rafal,VINSKAS Laurynas,VINSKAS Laurynas,VINSKAS Laurynas,VINSKAS Laurynas,
2025 Konya NC,15/03/2025,Rep,3,6,VINSKAS Laurynas,VINSKAS Laurynas,VINSKAS Laurynas,DANYLCHUK Bohdan,DANYLCHUK Bohdan,DANYLCHUK Bohdan,DANYLCHUK Bohdan,DANYLCHUK Bohdan,DANYLCHUK Bohdan,
2025 Konya NC,15/03/2025,Rep,4,1,VILAR Lucas Oscar,VILAR Lucas Oscar,SINGH LAITONJAM Ronaldo,DORNBACH Maximilian,DORNBACH Maximilian,DERACHE Tom,DERACHE Tom,DERACHE Tom,DERACHE Tom,
2025 Konya NC,15/03/2025,Rep,4,2,DERACHE Tom,SINGH LAITONJAM Ronaldo,DORNBACH Maximilian,SINGH LAITONJAM Ronaldo,DERACHE Tom,DORNBACH Maximilian,BURAWSKI Konrad,BURAWSKI Konrad,BURAWSKI Konrad,
2025 Konya NC,15/03/2025,Rep,4,3,SINGH LAITONJAM Ronaldo,DORNBACH Maximilian,BURAWSKI Konrad,DERACHE Tom,SINGH LAITONJAM Ronaldo,BURAWSKI Konrad,VILAR Lucas Oscar,VILAR Lucas Oscar,VILAR Lucas Oscar,
2025 Konya NC,15/03/2025,Rep,4,4,DENYSENKO Vladyslav,DERACHE Tom,DERACHE Tom,BURAWSKI Konrad,BURAWSKI Konrad,VILAR Lucas Oscar,DORNBACH Maximilian,DENYSENKO Vladyslav,DENYSENKO Vladyslav,
2025 Konya NC,15/03/2025,Rep,4,5,BURAWSKI Konrad,DENYSENKO Vladyslav,VILAR Lucas Oscar,VILAR Lucas Oscar,VILAR Lucas Oscar,SINGH LAITONJAM Ronaldo,SINGH LAITONJAM Ronaldo,DORNBACH Maximilian,DORNBACH Maximilian,
2025 Konya NC,15/03/2025,Rep,4,6,DORNBACH Maximilian,BURAWSKI Konrad,DENYSENKO Vladyslav,DENYSENKO Vladyslav,DENYSENKO Vladyslav,DENYSENKO Vladyslav,DENYSENKO Vladyslav,SINGH LAITONJAM Ronaldo,SINGH LAITONJAM Ronaldo,
2025 Konya NC,15/03/2025,Rep,5,1,VERDUGO OSUNA Edgar,VERDUGO OSUNA Edgar,VERDUGO OSUNA Edgar,KALACHNIK Nikita,DODYK Ryan,DODYK Ryan,DODYK Ryan,DODYK Ryan,DODYK Ryan,
2025 Konya NC,15/03/2025,Rep,5,2,DODYK Ryan,DODYK Ryan,KALACHNIK Nikita,DODYK Ryan,PHILLIP Njisane,PHILLIP Njisane,PHILLIP Njisane,PHILLIP Njisane,PHILLIP Njisane,
2025 Konya NC,15/03/2025,Rep,5,3,PHILLIP Njisane,PHILLIP Njisane,DODYK Ryan,VERDUGO OSUNA Edgar,KALACHNIK Nikita,KALACHNIK Nikita,KALACHNIK Nikita,KALACHNIK Nikita,VERDUGO OSUNA Edgar,
2025 Konya NC,15/03/2025,Rep,5,4,KALACHNIK Nikita,KALACHNIK Nikita,PHILLIP Njisane,PHILLIP Njisane,VERDUGO OSUNA Edgar,VERDUGO OSUNA Edgar,VERDUGO OSUNA Edgar,VERDUGO OSUNA Edgar,KALACHNIK Nikita,
2025 Konya NC,15/03/2025,Rep,5,5,TAMME Matej,TAMME Matej,TAMME Matej,TAMME Matej,TAMME Matej,TAMME Matej,TAMME Matej,TAMME Matej,TAMME Matej,
2025 Konya NC,15/03/2025,Rep,5,6,CHUGAY Andrey,CHUGAY Andrey,CHUGAY Andrey,CHUGAY Andrey,CHUGAY Andrey,CHUGAY Andrey,CHUGAY Andrey,CHUGAY Andrey,CHUGAY Andrey,
2025 Konya NC,15/03/2025,Rep,6,1,PULIDO Zion,PULIDO Zion,PULIDO Zion,del MEDICO Fabio,LEDINGHAM-HORN Harry,LEDINGHAM-HORN Harry,LEDINGHAM-HORN Harry,HOFFMAN Leigh,HOFFMAN Leigh,
2025 Konya NC,15/03/2025,Rep,6,2,del MEDICO Fabio,del MEDICO Fabio,del MEDICO Fabio,PULIDO Zion,del MEDICO Fabio,HOFFMAN Leigh,HOFFMAN Leigh,LEDINGHAM-HORN Harry,LEDINGHAM-HORN Harry,
2025 Konya NC,15/03/2025,Rep,6,3,SPIEGEL Luca,SPIEGEL Luca,SPIEGEL Luca,SPIEGEL Luca,HOFFMAN Leigh,SPIEGEL Luca,SPIEGEL Luca,SPIEGEL Luca,SPIEGEL Luca,
2025 Konya NC,15/03/2025,Rep,6,4,LEDINGHAM-HORN Harry,LEDINGHAM-HORN Harry,LEDINGHAM-HORN Harry,LEDINGHAM-HORN Harry,PULIDO Zion,del MEDICO Fabio,del MEDICO Fabio,del MEDICO Fabio,del MEDICO Fabio,
2025 Konya NC,15/03/2025,Rep,6,5,HOFFMAN Leigh,HOFFMAN Leigh,HOFFMAN Leigh,HOFFMAN Leigh,SPIEGEL Luca,PULIDO Zion,VADAPALAS Eimantas,VADAPALAS Eimantas,VADAPALAS Eimantas,
2025 Konya NC,15/03/2025,Rep,6,6,VADAPALAS Eimantas,VADAPALAS Eimantas,VADAPALAS Eimantas,VADAPALAS Eimantas,VADAPALAS Eimantas,VADAPALAS Eimantas,PULIDO Zion,PULIDO Zion,PULIDO Zion,
2025 Konya NC,15/03/2025,SF,1,1,DAKIN Sam,DAKIN Sam,DAKIN Sam,DAKIN Sam,VIGIER Sebastien,VIGIER Sebastien,VIGIER Sebastien,VIGIER Sebastien,VIGIER Sebastien,
2025 Konya NC,15/03/2025,SF,1,2,BARBER Daniel,BARBER Daniel,BARBER Daniel,BARBER Daniel,DAKIN Sam,HOFFMAN Leigh,DAKIN Sam,DAKIN Sam,DAKIN Sam,
2025 Konya NC,15/03/2025,SF,1,3,VIGIER Sebastien,VIGIER Sebastien,ESOW Esow,VIGIER Sebastien,HOFFMAN Leigh,DAKIN Sam,HOFFMAN Leigh,BARBER Daniel,BARBER Daniel,
2025 Konya NC,15/03/2025,SF,1,4,ESOW Esow,ESOW Esow,VIGIER Sebastien,ESOW Esow,BARBER Daniel,WAMMES Nick,WAMMES Nick,ESOW Esow,ESOW Esow,
2025 Konya NC,15/03/2025,SF,1,5,HOFFMAN Leigh,HOFFMAN Leigh,HOFFMAN Leigh,HOFFMAN Leigh,ESOW Esow,BARBER Daniel,BARBER Daniel,WAMMES Nick,WAMMES Nick,
2025 Konya NC,15/03/2025,SF,1,6,WAMMES Nick,WAMMES Nick,WAMMES Nick,WAMMES Nick,WAMMES Nick,ESOW Esow,ESOW Esow,HOFFMAN Leigh,HOFFMAN Leigh,
2025 Konya NC,15/03/2025,SF,2,1,DERACHE Tom,DERACHE Tom,DERACHE Tom,DERACHE Tom,NAKANO Shinji,NAKANO Shinji,NAKANO Shinji,NAKANO Shinji,NAKANO Shinji,
2025 Konya NC,15/03/2025,SF,2,2,SAHROM Muhammad Shah Firdaus,SAHROM Muhammad Shah Firdaus,SAHROM Muhammad Shah Firdaus,DODYK Ryan,DERACHE Tom,van LOON Tijmen,DERACHE Tom,DERACHE Tom,DERACHE Tom,
2025 Konya NC,15/03/2025,SF,2,3,DODYK Ryan,DODYK Ryan,DODYK Ryan,SAHROM Muhammad Shah Firdaus,van LOON Tijmen,DERACHE Tom,SAHROM Muhammad Shah Firdaus,SAHROM Muhammad Shah Firdaus,SAHROM Muhammad Shah Firdaus,
2025 Konya NC,15/03/2025,SF,2,4,NAKANO Shinji,NAKANO Shinji,NAKANO Shinji,NAKANO Shinji,SAHROM Muhammad Shah Firdaus,SAHROM Muhammad Shah Firdaus,van LOON Tijmen,YAMASAKI Kento,YAMASAKI Kento,
2025 Konya NC,15/03/2025,SF,2,5,van LOON Tijmen,van LOON Tijmen,van LOON Tijmen,van LOON Tijmen,DODYK Ryan,DODYK Ryan,YAMASAKI Kento,DODYK Ryan,DODYK Ryan,
2025 Konya NC,15/03/2025,SF,2,6,YAMASAKI Kento,YAMASAKI Kento,YAMASAKI Kento,YAMASAKI Kento,YAMASAKI Kento,YAMASAKI Kento,DODYK Ryan,van LOON Tijmen,van LOON Tijmen,
2025 Konya NC,15/03/2025,F,1,1,WAMMES Nick,WAMMES Nick,YAMASAKI Kento,van LOON Tijmen,van LOON Tijmen,HOFFMAN Leigh,HOFFMAN Leigh,HOFFMAN Leigh,HOFFMAN Leigh,
2025 Konya NC,15/03/2025,F,1,2,ESOW Esow,ESOW Esow,van LOON Tijmen,YAMASAKI Kento,YAMASAKI Kento,van LOON Tijmen,YAMASAKI Kento,YAMASAKI Kento,YAMASAKI Kento,
2025 Konya NC,15/03/2025,F,1,3,HOFFMAN Leigh,HOFFMAN Leigh,WAMMES Nick,WAMMES Nick,WAMMES Nick,YAMASAKI Kento,ESOW Esow,ESOW Esow,ESOW Esow,
2025 Konya NC,15/03/2025,F,1,4,DODYK Ryan,DODYK Ryan,ESOW Esow,ESOW Esow,HOFFMAN Leigh,ESOW Esow,DODYK Ryan,DODYK Ryan,DODYK Ryan,
2025 Konya NC,15/03/2025,F,1,5,van LOON Tijmen,YAMASAKI Kento,HOFFMAN Leigh,HOFFMAN Leigh,ESOW Esow,DODYK Ryan,van LOON Tijmen,WAMMES Nick,WAMMES Nick,
2025 Konya NC,15/03/2025,F,1,6,YAMASAKI Kento,van LOON Tijmen,DODYK Ryan,DODYK Ryan,DODYK Ryan,WAMMES Nick,WAMMES Nick,van LOON Tijmen,van LOON Tijmen,
2025 Konya NC,15/03/2025,F,2,1,VIGIER Sebastien,VIGIER Sebastien,,,,,,,,
2025 Konya NC,15/03/2025,F,2,2,DERACHE Tom,DERACHE Tom,,,,,,,,
2025 Konya NC,15/03/2025,F,2,3,NAKANO Shinji,NAKANO Shinji,,,,,,,,
2025 Konya NC,15/03/2025,F,2,4,BARBER Daniel,BARBER Daniel,,,,,,,,
2025 Konya NC,15/03/2025,F,2,5,SAHROM Muhammad Shah Firdaus,DAKIN Sam,,,,,,,,
2025 Konya NC,15/03/2025,F,2,6,DAKIN Sam,SAHROM Muhammad Shah Firdaus,,,,,,,,
