Time,,Speed [km/h],Power [watt],Cadence,Heartrate,Temperature [℃],Altitude [m],L/R Balance(if available) [percentage of right Leg],latitude,longitude
17:46:10,,0,0,0,0,29,0,255,0,0
17:46:11,,0,0,0,0,29,0,255,0,0
17:46:13,,0,0,0,0,29,0,255,0,0
17:46:14,,0,0,0,0,29,0,255,0,0
17:46:15,,0,0,0,0,29,0,255,0,0
17:46:16,,0,0,0,0,29,0,255,0,0
17:46:17,,0,0,0,0,29,0,255,0,0
17:46:18,,0,0,0,0,29,0,255,0,0
17:46:19,,0,0,0,0,29,0,255,0,0
17:46:20,,0,0,0,0,29,0,255,0,0
17:46:21,,0,0,0,0,29,0,255,0,0
17:46:22,,0,0,0,0,29,0,255,0,0
17:46:23,,0,0,0,0,29,0,255,0,0
17:46:24,,0,0,0,0,29,0,255,0,0
17:46:25,,0,0,0,0,29,0,255,0,0
17:46:26,,0,0,0,0,29,0,255,0,0
17:46:27,,0,0,0,0,29,0,255,0,0
17:46:48,,0,0,0,0,29,0,255,0,0
17:46:59,,0,0,0,0,29,0,255,0,0
17:47:08,,0,0,0,0,29,0,255,0,0
17:47:10,,0,0,0,0,29,0,255,0,0
17:47:11,,0,0,0,0,29,0,255,0,0
17:47:12,,0,0,0,0,29,0,255,0,0
17:47:13,,0,0,0,0,29,0,255,0,0
17:47:21,,0,0,0,0,29,0,255,0,0
17:47:23,,0,0,0,0,29,0,255,0,0
17:47:25,,0,0,0,0,29,0,255,0,0
17:47:26,,0,0,0,0,29,0,255,0,0
17:47:30,,0,0,0,0,29,0,255,0,0
17:47:37,,0,0,0,0,29,0,255,0,0
17:47:38,,0,0,0,0,29,0,255,0,0
17:47:39,,0,0,0,0,29,0,255,0,0
17:47:40,,0,0,0,0,29,0,255,0,0
17:47:41,,0,0,0,0,29,0,255,0,0
17:47:42,,0,0,0,0,29,0,255,0,0
17:47:43,,0,27,24,0,29,0,52,0,0
17:47:44,,0,27,24,0,29,0,52,0,0
17:47:45,,0,34,25,0,29,0,60,0,0
17:47:46,,0,34,25,0,29,0,60,0,0
17:47:47,,0,34,25,0,29,0,60,0,0
17:47:48,,0,14,27,0,29,0,66,0,0
17:47:49,,0,14,27,0,29,0,66,0,0
17:47:50,,0,16,27,0,29,0,66,0,0
17:47:51,,0,16,27,0,29,0,66,0,0
17:47:52,,0,5,27,0,29,0,66,0,0
17:47:53,,0,5,27,0,29,0,66,0,0
17:47:54,,0,5,26,0,29,0,63,0,0
17:47:55,,0,5,26,0,29,0,63,0,0
17:47:56,,0,13,26,0,29,0,57,0,0
17:47:57,,0,13,26,0,29,0,57,0,0
17:47:58,,0,13,26,0,29,0,57,0,0
17:47:59,,0,9,26,0,29,0,89,0,0
17:48:00,,0,9,26,0,29,0,89,0,0
17:48:01,,0,5,26,0,29,0,100,0,0
17:48:02,,0,5,26,0,29,0,100,0,0
17:48:03,,0,7,25,0,29,0,100,0,0
17:48:04,,0,7,25,0,29,0,100,0,0
17:48:05,,0,7,25,0,29,0,100,0,0
17:48:06,,0,25,24,0,29,0,19,0,0
17:48:07,,0,25,24,0,29,0,19,0,0
17:48:08,,0,30,26,0,29,0,66,0,0
17:48:09,,0,30,26,0,29,0,66,0,0
17:48:10,,0,36,26,0,29,0,34,0,0
17:48:11,,0,36,26,0,29,0,34,0,0
17:48:12,,0,36,26,0,29,0,34,0,0
17:48:13,,0,10,27,0,29,0,100,0,0
17:48:14,,0,10,27,0,29,0,100,0,0
17:48:15,,0,17,25,0,29,0,70,0,0
17:48:16,,0,17,25,0,29,0,70,0,0
17:48:17,,0,14,25,0,29,0,64,0,0
17:48:18,,0,14,25,0,29,0,64,0,0
17:48:19,,0,14,25,0,29,0,64,0,0
17:48:20,,0,19,25,0,29,0,41,0,0
17:48:21,,0,19,25,0,29,0,41,0,0
17:48:22,,0,17,26,0,29,0,29,0,0
17:48:23,,0,17,26,0,29,0,29,0,0
17:48:24,,0,10,26,0,29,0,94,0,0
17:48:25,,0,10,26,0,29,0,94,0,0
17:48:26,,0,13,26,0,29,0,36,0,0
17:48:27,,0,13,26,0,29,0,36,0,0
17:48:28,,0,13,26,0,29,0,36,0,0
17:48:29,,0,6,26,0,29,0,58,0,0
17:48:30,,0,6,26,0,29,0,58,0,0
17:48:31,,0,2,26,0,29,0,100,0,0
17:48:32,,0,2,26,0,29,0,100,0,0
17:48:33,,0,8,25,0,29,0,100,0,0
17:48:34,,0,8,25,0,29,0,100,0,0
17:48:35,,0,8,25,0,29,0,100,0,0
17:48:36,,0,2,22,0,29,0,0,0,0
17:48:37,,0,2,22,0,29,0,0,0,0
17:48:38,,0,2,22,0,29,0,0,0,0
17:48:39,,0,5,20,0,29,0,100,0,0
17:48:40,,0,5,20,0,29,0,100,0,0
17:48:41,,0,0,0,0,29,0,255,0,0
17:48:42,,0,0,0,0,29,0,255,0,0
17:48:43,,0,0,0,0,29,0,255,0,0
17:48:44,,0,0,0,0,29,0,255,0,0
17:48:45,,0,0,0,0,29,0,255,0,0
17:48:46,,0,0,0,0,29,0,255,0,0
17:48:47,,0,0,0,0,29,0,255,0,0
17:48:49,,0,0,0,0,29,0,255,0,0
17:48:59,,0,0,0,0,29,0,255,0,0
17:49:00,,0,0,0,0,29,0,255,0,0
17:49:01,,0,0,0,0,29,0,255,0,0
17:49:02,,0,0,0,0,29,0,255,0,0
17:49:03,,0,0,0,0,29,0,255,0,0
17:49:04,,0,0,0,0,29,0,255,0,0
17:49:05,,0,0,0,0,29,0,255,0,0
17:49:13,,0,0,0,0,29,0,255,0,0
17:51:31,,0,0,0,0,29,0,255,0,0
17:51:32,,0,0,0,0,29,0,255,0,0
17:51:33,,0,0,0,0,29,0,255,0,0
17:51:34,,0,0,0,0,29,0,255,0,0
17:51:35,,0,0,0,0,29,0,255,0,0
17:51:36,,0,0,0,0,29,0,255,0,0
17:51:37,,0,0,0,0,29,0,255,0,0
17:51:38,,0,0,0,0,29,0,255,0,0
17:51:39,,0,0,0,0,29,0,255,0,0
17:51:40,,0,0,0,0,29,0,255,0,0
17:51:41,,0,0,0,0,29,0,255,0,0
17:51:42,,0,0,0,0,29,0,255,0,0
17:51:50,,0,0,0,0,29,0,255,0,0
17:52:09,,0,0,0,0,29,0,255,0,0
17:52:10,,0,0,0,0,29,0,255,0,0
17:52:11,,0,726,37,0,29,0,45,0,0
17:52:12,,0,929,58,0,29,0,48,0,0
17:52:13,,0,1021,70,0,29,0,49,0,0
17:52:14,,0,1079,79,0,29,0,49,0,0
17:52:15,,0,1138,89,0,29,0,50,0,0
17:52:16,,0,1233,99,0,29,0,49,0,0
17:52:17,,0,1249,105,0,29,0,50,0,0
17:52:18,,0,1247,114,0,29,0,49,0,0
17:52:19,,0,949,119,0,29,0,54,0,0
17:52:20,,0,505,119,0,29,0,49,0,0
17:52:21,,0,349,118,0,29,0,51,0,0
17:52:22,,0,91,115,0,29,0,47,0,0
17:52:23,,0,57,111,0,29,0,47,0,0
17:52:24,,0,72,108,0,29,0,46,0,0
17:52:25,,0,98,106,0,29,0,41,0,0
17:52:26,,0,107,104,0,29,0,46,0,0
17:52:27,,0,77,101,0,29,0,45,0,0
17:52:28,,0,31,99,0,29,0,48,0,0
17:52:29,,0,46,97,0,29,0,43,0,0
17:52:30,,0,20,95,0,29,0,34,0,0
17:52:31,,0,31,94,0,29,0,44,0,0
17:52:32,,0,31,92,0,29,0,42,0,0
17:52:33,,0,21,91,0,29,0,46,0,0
17:52:34,,0,11,90,0,29,0,40,0,0
17:52:35,,0,22,89,0,29,0,28,0,0
17:52:36,,0,25,88,0,29,0,36,0,0
17:52:37,,0,12,88,0,29,0,64,0,0
17:52:38,,0,11,85,0,29,0,50,0,0
17:52:39,,0,10,84,0,29,0,65,0,0
17:52:40,,0,0,82,0,29,0,100,0,0
17:52:41,,0,0,0,0,29,0,255,0,0
17:52:42,,0,0,0,0,29,0,100,0,0
17:52:43,,0,0,0,0,29,0,33,0,0
17:52:44,,0,0,73,0,29,0,255,0,0
17:52:45,,0,0,70,0,29,0,0,0,0
17:52:46,,0,0,69,0,29,0,100,0,0
17:52:47,,0,0,67,0,29,0,255,0,0
17:52:48,,0,0,65,0,29,0,255,0,0
17:52:49,,0,0,63,0,29,0,255,0,0
17:52:50,,0,0,61,0,29,0,255,0,0
17:52:51,,0,0,59,0,29,0,255,0,0
17:52:52,,0,0,58,0,29,0,255,0,0
17:52:53,,0,4,56,0,29,0,55,0,0
17:52:54,,0,11,55,0,29,0,100,0,0
17:52:55,,0,4,54,0,29,0,12,0,0
17:52:56,,0,19,53,0,29,0,55,0,0
17:52:57,,0,19,53,0,29,0,55,0,0
17:52:58,,0,11,52,0,29,0,34,0,0
17:52:59,,0,12,51,0,29,0,45,0,0
17:53:00,,0,17,51,0,29,0,62,0,0
17:53:01,,0,3,50,0,29,0,60,0,0
17:53:02,,0,3,50,0,29,0,83,0,0
17:53:03,,0,1,49,0,29,0,100,0,0
17:53:04,,0,1,49,0,29,0,100,0,0
17:53:05,,0,0,48,0,29,0,255,0,0
17:53:06,,0,0,47,0,29,0,100,0,0
17:53:07,,0,0,47,0,29,0,255,0,0
17:53:08,,0,0,47,0,29,0,255,0,0
17:53:09,,0,0,46,0,29,0,255,0,0
17:53:10,,0,1,45,0,29,0,0,0,0
17:53:11,,0,3,44,0,29,0,50,0,0
17:53:12,,0,3,44,0,29,0,50,0,0
17:53:13,,0,2,43,0,29,0,0,0,0
17:53:14,,0,17,42,0,29,0,55,0,0
17:53:15,,0,8,41,0,29,0,100,0,0
17:53:16,,0,8,41,0,29,0,100,0,0
17:53:17,,0,5,40,0,29,0,33,0,0
17:53:18,,0,7,39,0,29,0,46,0,0
17:53:19,,0,7,39,0,29,0,46,0,0
17:53:20,,0,33,39,0,29,0,40,0,0
17:53:21,,0,33,39,0,29,0,40,0,0
17:53:22,,0,29,39,0,29,0,72,0,0
17:53:23,,0,21,39,0,29,0,56,0,0
17:53:24,,0,21,39,0,29,0,56,0,0
17:53:25,,0,16,39,0,29,0,50,0,0
17:53:26,,0,16,39,0,29,0,54,0,0
17:53:27,,0,16,39,0,29,0,54,0,0
17:53:28,,0,6,38,0,29,0,25,0,0
17:53:29,,0,1,38,0,29,0,0,0,0
17:53:30,,0,1,38,0,29,0,0,0,0
17:53:31,,0,0,37,0,29,0,255,0,0
17:53:32,,0,6,35,0,29,0,15,0,0
17:53:33,,0,0,0,0,29,0,15,0,0
17:53:34,,0,0,0,0,29,0,25,0,0
17:53:35,,0,0,0,0,29,0,25,0,0
17:53:36,,0,0,33,0,29,0,255,0,0
17:53:37,,0,0,33,0,29,0,255,0,0
17:53:38,,0,0,28,0,29,0,255,0,0
17:53:39,,0,0,28,0,29,0,255,0,0
17:53:40,,0,0,28,0,29,0,255,0,0
17:53:41,,0,9,23,0,29,0,27,0,0
17:53:42,,0,0,0,0,29,0,255,0,0
17:53:43,,0,0,0,0,29,0,255,0,0
17:53:44,,0,0,0,0,29,0,255,0,0
17:54:39,,0,0,0,0,29,0,255,0,0
17:54:40,,0,0,0,0,29,0,255,0,0
17:54:41,,0,0,0,0,29,0,255,0,0
17:54:42,,0,0,0,0,29,0,255,0,0
17:54:43,,0,0,0,0,29,0,255,0,0
17:54:44,,0,0,0,0,29,0,255,0,0
17:54:45,,0,27,20,0,29,0,38,0,0
17:54:46,,0,0,0,0,29,0,255,0,0
17:54:47,,0,0,0,0,29,0,255,0,0
17:54:48,,0,0,0,0,29,0,255,0,0
17:54:50,,0,0,0,0,29,0,255,0,0
17:54:51,,0,0,0,0,29,0,255,0,0
17:55:13,,0,0,0,0,29,0,255,0,0
17:55:14,,0,0,0,0,29,0,255,0,0
17:55:15,,0,0,0,0,29,0,255,0,0
17:55:16,,0,692,37,0,29,0,44,0,0
17:55:17,,0,879,57,0,29,0,48,0,0
17:55:18,,0,973,69,0,29,0,49,0,0
17:55:19,,0,1032,80,0,29,0,50,0,0
17:55:20,,0,1147,91,0,29,0,49,0,0
17:55:21,,0,1178,99,0,29,0,49,0,0
17:55:22,,0,1214,108,0,29,0,50,0,0
17:55:23,,0,1144,115,0,29,0,50,0,0
17:55:24,,0,1168,120,0,29,0,49,0,0
17:55:25,,0,1130,123,0,29,0,50,0,0
17:55:26,,0,1076,126,0,29,0,49,0,0
17:55:27,,0,770,130,0,29,0,54,0,0
17:55:28,,0,695,128,0,29,0,49,0,0
17:55:29,,0,276,130,0,29,0,55,0,0
17:55:30,,0,155,129,0,29,0,51,0,0
17:55:31,,0,92,125,0,29,0,52,0,0
17:55:32,,0,46,121,0,29,0,47,0,0
17:55:33,,0,32,116,0,29,0,38,0,0
17:55:34,,0,31,115,0,29,0,34,0,0
17:55:35,,0,36,111,0,29,0,56,0,0
17:55:36,,0,32,107,0,29,0,40,0,0
17:55:37,,0,23,103,0,29,0,40,0,0
17:55:38,,0,26,100,0,29,0,42,0,0
17:55:39,,0,24,96,0,29,0,41,0,0
17:55:40,,0,25,93,0,29,0,46,0,0
17:55:41,,0,23,92,0,29,0,45,0,0
17:55:42,,0,16,91,0,29,0,46,0,0
17:55:43,,0,12,91,0,29,0,41,0,0
17:55:44,,0,17,91,0,29,0,42,0,0
17:55:45,,0,17,91,0,29,0,55,0,0
17:55:46,,0,10,89,0,29,0,57,0,0
17:55:47,,0,8,88,0,29,0,53,0,0
17:55:48,,0,8,86,0,29,0,47,0,0
17:55:49,,0,9,85,0,29,0,47,0,0
17:55:50,,0,10,85,0,29,0,42,0,0
17:55:51,,0,7,83,0,29,0,42,0,0
17:55:52,,0,5,81,0,29,0,22,0,0
17:55:53,,0,5,79,0,29,0,50,0,0
17:55:54,,0,3,77,0,29,0,16,0,0
17:55:55,,0,4,75,0,29,0,50,0,0
17:55:56,,0,2,74,0,29,0,40,0,0
17:55:57,,0,0,72,0,29,0,100,0,0
17:55:58,,0,0,70,0,29,0,255,0,0
17:55:59,,0,0,69,0,29,0,100,0,0
17:56:00,,0,1,68,0,29,0,66,0,0
17:56:01,,0,1,67,0,29,0,100,0,0
17:56:02,,0,0,65,0,29,0,255,0,0
17:56:03,,0,0,64,0,29,0,255,0,0
17:56:04,,0,0,63,0,29,0,255,0,0
17:56:05,,0,0,61,0,29,0,255,0,0
17:56:06,,0,0,60,0,29,0,255,0,0
17:56:07,,0,0,59,0,29,0,255,0,0
17:56:08,,0,0,57,0,29,0,255,0,0
17:56:09,,0,0,55,0,29,0,0,0,0
17:56:10,,0,0,54,0,29,0,255,0,0
17:56:11,,0,0,51,0,29,0,255,0,0
17:56:12,,0,0,50,0,29,0,255,0,0
17:56:13,,0,0,50,0,29,0,255,0,0
17:56:14,,0,2,49,0,29,0,100,0,0
17:56:15,,0,2,47,0,29,0,0,0,0
17:56:16,,0,11,46,0,29,0,0,0,0
17:56:17,,0,7,45,0,29,0,0,0,0
17:56:18,,0,7,45,0,29,0,0,0,0
17:56:19,,0,5,44,0,29,0,100,0,0
17:56:20,,0,0,0,0,29,0,100,0,0
17:56:21,,0,0,0,0,29,0,100,0,0
17:56:22,,0,0,0,0,29,0,100,0,0
17:56:23,,0,0,40,0,29,0,255,0,0
17:56:24,,0,0,40,0,29,0,255,0,0
17:56:25,,0,0,38,0,29,0,255,0,0
17:56:26,,0,0,36,0,29,0,255,0,0
17:56:27,,0,0,36,0,29,0,255,0,0
17:56:28,,0,0,34,0,29,0,255,0,0
17:56:29,,0,0,34,0,29,0,255,0,0
17:56:30,,0,0,31,0,29,0,255,0,0
17:56:31,,0,0,31,0,29,0,255,0,0
17:56:32,,0,0,28,0,29,0,255,0,0
17:56:33,,0,0,28,0,29,0,255,0,0
17:56:34,,0,0,25,0,29,0,255,0,0
17:56:35,,0,0,25,0,29,0,255,0,0
17:56:36,,0,0,25,0,29,0,255,0,0
17:56:37,,0,0,0,0,29,0,255,0,0
17:56:38,,0,0,0,0,29,0,255,0,0
17:56:39,,0,0,0,0,29,0,255,0,0
17:56:44,,0,0,0,0,29,0,255,0,0
17:56:45,,0,0,0,0,29,0,255,0,0
17:56:46,,0,0,0,0,29,0,255,0,0
17:56:47,,0,0,0,0,29,0,255,0,0
17:56:48,,0,0,0,0,29,0,255,0,0
17:56:49,,0,0,0,0,29,0,255,0,0
17:56:51,,0,0,0,0,29,0,255,0,0
17:56:52,,0,0,0,0,29,0,255,0,0
17:56:53,,0,0,0,0,29,0,255,0,0
17:56:54,,0,0,0,0,29,0,255,0,0
17:56:55,,0,0,0,0,29,0,255,0,0
17:56:56,,0,0,0,0,29,0,255,0,0
17:56:57,,0,0,0,0,29,0,255,0,0
17:56:58,,0,0,0,0,29,0,255,0,0
17:56:59,,0,0,0,0,29,0,255,0,0
17:57:00,,0,0,0,0,29,0,255,0,0
17:57:01,,0,0,0,0,29,0,255,0,0
17:57:02,,0,0,0,0,29,0,255,0,0
17:57:03,,0,0,0,0,29,0,255,0,0
17:57:04,,0,0,0,0,29,0,255,0,0
17:57:05,,0,0,0,0,29,0,255,0,0
17:57:31,,0,0,0,0,29,0,255,0,0
17:57:32,,0,0,0,0,29,0,255,0,0
17:57:40,,0,0,0,0,29,0,255,0,0
17:57:41,,0,0,0,0,29,0,255,0,0
17:57:47,,0,0,0,0,29,0,255,0,0
17:57:48,,0,0,0,0,29,0,255,0,0
17:57:49,,0,0,0,0,29,0,255,0,0
17:57:50,,0,0,0,0,29,0,255,0,0
17:57:51,,0,65,40,0,29,0,64,0,0
17:57:52,,0,85,59,0,29,0,68,0,0
17:57:53,,0,39,66,0,29,0,57,0,0
17:57:54,,0,36,66,0,29,0,36,0,0
17:57:55,,0,30,67,0,29,0,56,0,0
17:57:56,,0,34,67,0,29,0,52,0,0
17:57:57,,0,35,68,0,29,0,51,0,0
17:57:58,,0,35,69,0,29,0,58,0,0
17:57:59,,0,35,69,0,29,0,57,0,0
17:58:00,,0,33,69,0,29,0,51,0,0
17:58:01,,0,29,69,0,29,0,48,0,0
17:58:02,,0,30,68,0,29,0,56,0,0
17:58:03,,0,30,68,0,29,0,63,0,0
17:58:04,,0,35,68,0,29,0,52,0,0
17:58:05,,0,31,68,0,29,0,51,0,0
17:58:06,,0,36,68,0,29,0,51,0,0
17:58:07,,0,35,69,0,29,0,49,0,0
17:58:08,,0,33,69,0,29,0,54,0,0
17:58:09,,0,34,70,0,29,0,55,0,0
17:58:10,,0,30,69,0,29,0,52,0,0
17:58:11,,0,30,68,0,29,0,42,0,0
17:58:12,,0,32,69,0,29,0,60,0,0
17:58:13,,0,31,68,0,29,0,45,0,0
17:58:14,,0,30,68,0,29,0,55,0,0
17:58:15,,0,30,67,0,29,0,53,0,0
17:58:16,,0,35,68,0,29,0,52,0,0
17:58:17,,0,34,68,0,29,0,46,0,0
17:58:18,,0,36,69,0,29,0,54,0,0
17:58:19,,0,34,70,0,29,0,50,0,0
17:58:20,,0,31,70,0,29,0,57,0,0
17:58:21,,0,31,69,0,29,0,50,0,0
17:58:22,,0,31,69,0,29,0,46,0,0
17:58:23,,0,28,69,0,29,0,56,0,0
17:58:24,,0,33,69,0,29,0,54,0,0
17:58:25,,0,29,68,0,29,0,53,0,0
17:58:26,,0,32,68,0,29,0,54,0,0
17:58:27,,0,33,68,0,29,0,61,0,0
17:58:28,,0,31,68,0,29,0,53,0,0
17:58:29,,0,30,68,0,29,0,40,0,0
17:58:30,,0,32,68,0,29,0,51,0,0
17:58:31,,0,34,69,0,29,0,59,0,0
17:58:32,,0,25,68,0,29,0,40,0,0
17:58:33,,0,30,67,0,29,0,53,0,0
17:58:34,,0,32,67,0,29,0,53,0,0
17:58:35,,0,32,68,0,29,0,51,0,0
17:58:36,,0,35,69,0,29,0,55,0,0
17:58:37,,0,30,69,0,29,0,50,0,0
17:58:38,,0,37,69,0,29,0,54,0,0
17:58:39,,0,37,70,0,29,0,53,0,0
17:58:40,,0,31,70,0,29,0,53,0,0
17:58:41,,0,32,69,0,29,0,53,0,0
17:58:42,,0,33,69,0,29,0,55,0,0
17:58:43,,0,34,69,0,29,0,51,0,0
17:58:44,,0,32,70,0,29,0,56,0,0
17:58:45,,0,36,70,0,29,0,56,0,0
17:58:46,,0,27,69,0,29,0,54,0,0
17:58:47,,0,34,69,0,29,0,57,0,0
17:58:48,,0,29,68,0,29,0,50,0,0
17:58:49,,0,28,68,0,29,0,57,0,0
17:58:50,,0,33,67,0,29,0,54,0,0
17:58:51,,0,31,68,0,29,0,61,0,0
17:58:52,,0,32,68,0,29,0,60,0,0
17:58:53,,0,35,68,0,29,0,62,0,0
17:58:54,,0,31,69,0,29,0,61,0,0
17:58:55,,0,32,69,0,29,0,62,0,0
17:58:56,,0,31,68,0,29,0,51,0,0
17:58:57,,0,32,69,0,29,0,55,0,0
17:58:58,,0,32,69,0,29,0,58,0,0
17:58:59,,0,33,69,0,29,0,56,0,0
17:59:00,,0,27,69,0,29,0,53,0,0
17:59:01,,0,29,68,0,29,0,59,0,0
17:59:02,,0,30,67,0,29,0,58,0,0
17:59:03,,0,29,67,0,29,0,57,0,0
17:59:04,,0,35,68,0,29,0,59,0,0
17:59:05,,0,31,68,0,29,0,59,0,0
17:59:06,,0,30,68,0,29,0,55,0,0
17:59:07,,0,33,68,0,29,0,60,0,0
17:59:08,,0,31,68,0,29,0,62,0,0
17:59:09,,0,31,67,0,29,0,53,0,0
17:59:10,,0,31,68,0,29,0,55,0,0
17:59:11,,0,33,68,0,29,0,53,0,0
17:59:12,,0,30,68,0,29,0,57,0,0
17:59:13,,0,31,68,0,29,0,54,0,0
17:59:14,,0,28,67,0,29,0,46,0,0
17:59:15,,0,32,68,0,29,0,60,0,0
17:59:16,,0,29,67,0,29,0,60,0,0
17:59:17,,0,31,67,0,29,0,62,0,0
17:59:18,,0,30,67,0,29,0,52,0,0
17:59:19,,0,29,67,0,29,0,54,0,0
17:59:20,,0,29,66,0,29,0,47,0,0
17:59:21,,0,34,67,0,29,0,55,0,0
17:59:22,,0,31,67,0,29,0,54,0,0
17:59:23,,0,35,68,0,29,0,57,0,0
17:59:24,,0,32,68,0,29,0,60,0,0
17:59:25,,0,36,69,0,29,0,54,0,0
17:59:26,,0,33,69,0,29,0,53,0,0
17:59:27,,0,37,69,0,29,0,45,0,0
17:59:28,,0,33,71,0,29,0,63,0,0
17:59:29,,0,32,69,0,29,0,55,0,0
17:59:30,,0,33,70,0,29,0,51,0,0
17:59:31,,0,34,71,0,29,0,48,0,0
17:59:32,,0,33,70,0,29,0,53,0,0
17:59:33,,0,39,71,0,29,0,53,0,0
17:59:34,,0,35,71,0,29,0,54,0,0
17:59:35,,0,31,71,0,29,0,50,0,0
17:59:36,,0,33,71,0,29,0,56,0,0
17:59:37,,0,29,71,0,29,0,61,0,0
17:59:38,,0,34,70,0,29,0,58,0,0
17:59:39,,0,36,71,0,29,0,55,0,0
17:59:40,,0,30,70,0,29,0,50,0,0
17:59:41,,0,31,69,0,29,0,51,0,0
17:59:42,,0,32,69,0,29,0,53,0,0
17:59:43,,0,33,69,0,29,0,54,0,0
17:59:44,,0,31,69,0,29,0,55,0,0
17:59:45,,0,32,68,0,29,0,47,0,0
17:59:46,,0,34,69,0,29,0,55,0,0
17:59:47,,0,30,69,0,29,0,51,0,0
17:59:48,,0,33,69,0,29,0,51,0,0
17:59:49,,0,35,69,0,29,0,54,0,0
17:59:50,,0,31,69,0,29,0,49,0,0
17:59:51,,0,33,69,0,29,0,58,0,0
17:59:52,,0,34,69,0,29,0,56,0,0
17:59:53,,0,32,69,0,29,0,60,0,0
17:59:54,,0,34,69,0,29,0,54,0,0
17:59:55,,0,32,70,0,29,0,58,0,0
17:59:56,,0,32,69,0,29,0,56,0,0
17:59:57,,0,30,69,0,29,0,60,0,0
17:59:58,,0,31,69,0,29,0,50,0,0
17:59:59,,0,29,69,0,29,0,57,0,0
18:00:00,,0,33,68,0,29,0,49,0,0
18:00:01,,0,30,68,0,29,0,45,0,0
18:00:02,,0,31,68,0,29,0,58,0,0
18:00:03,,0,35,69,0,29,0,52,0,0
18:00:04,,0,29,68,0,29,0,56,0,0
18:00:05,,0,30,67,0,29,0,51,0,0
18:00:06,,0,30,67,0,29,0,50,0,0
18:00:07,,0,31,67,0,29,0,53,0,0
18:00:08,,0,31,67,0,29,0,50,0,0
18:00:09,,0,29,67,0,29,0,50,0,0
18:00:10,,0,35,68,0,29,0,52,0,0
18:00:11,,0,34,68,0,29,0,52,0,0
18:00:12,,0,33,69,0,29,0,60,0,0
18:00:13,,0,33,69,0,29,0,56,0,0
18:00:14,,0,31,69,0,29,0,58,0,0
18:00:15,,0,31,68,0,29,0,53,0,0
18:00:16,,0,32,68,0,29,0,53,0,0
18:00:17,,0,32,68,0,29,0,59,0,0
18:00:18,,0,28,68,0,29,0,54,0,0
18:00:19,,0,38,68,0,29,0,59,0,0
18:00:20,,0,37,69,0,29,0,56,0,0
18:00:21,,0,33,69,0,29,0,55,0,0
18:00:22,,0,34,69,0,29,0,53,0,0
18:00:23,,0,34,70,0,29,0,57,0,0
18:00:24,,0,39,71,0,29,0,60,0,0
18:00:25,,0,39,72,0,29,0,62,0,0
18:00:26,,0,29,72,0,29,0,52,0,0
18:00:27,,0,33,71,0,29,0,51,0,0
18:00:28,,0,32,70,0,29,0,46,0,0
18:00:29,,0,37,71,0,29,0,47,0,0
18:00:30,,0,33,72,0,29,0,59,0,0
18:00:31,,0,29,71,0,29,0,53,0,0
18:00:32,,0,29,69,0,29,0,52,0,0
18:00:33,,0,35,69,0,29,0,52,0,0
18:00:34,,0,36,70,0,29,0,47,0,0
18:00:35,,0,32,70,0,29,0,55,0,0
18:00:36,,0,37,71,0,29,0,48,0,0
18:00:37,,0,37,71,0,29,0,47,0,0
18:00:38,,0,31,71,0,29,0,58,0,0
18:00:39,,0,32,70,0,29,0,54,0,0
18:00:40,,0,36,71,0,29,0,52,0,0
18:00:41,,0,34,71,0,29,0,50,0,0
18:00:42,,0,27,71,0,29,0,49,0,0
18:00:43,,0,30,69,0,29,0,57,0,0
18:00:44,,0,35,69,0,29,0,55,0,0
18:00:45,,0,31,69,0,29,0,50,0,0
18:00:46,,0,32,69,0,29,0,53,0,0
18:00:47,,0,30,69,0,29,0,55,0,0
18:00:48,,0,32,68,0,29,0,52,0,0
18:00:49,,0,33,69,0,29,0,48,0,0
18:00:50,,0,31,68,0,29,0,55,0,0
18:00:51,,0,34,69,0,29,0,64,0,0
18:00:52,,0,35,69,0,29,0,54,0,0
18:00:53,,0,31,69,0,29,0,56,0,0
18:00:54,,0,21,67,0,29,0,50,0,0
18:00:55,,0,1,38,0,29,0,100,0,0
18:00:57,,0,0,0,0,29,0,255,0,0
18:01:00,,0,0,0,0,29,0,255,0,0
18:01:07,,0,0,0,0,29,0,255,0,0
18:01:08,,0,0,0,0,29,0,255,0,0
18:01:09,,0,0,0,0,29,0,255,0,0
18:01:10,,0,0,0,0,29,0,255,0,0
18:01:11,,0,0,0,0,29,0,255,0,0
18:01:12,,0,0,0,0,29,0,255,0,0
18:01:13,,0,0,0,0,29,0,255,0,0
18:01:14,,0,0,0,0,29,0,255,0,0
18:01:16,,0,0,0,0,29,0,255,0,0
18:01:17,,0,0,0,0,29,0,255,0,0
18:01:18,,0,0,0,0,29,0,255,0,0
18:01:19,,0,0,0,0,29,0,255,0,0
18:01:20,,0,0,0,0,29,0,255,0,0
18:01:21,,0,0,0,0,29,0,255,0,0
18:01:22,,0,0,0,0,29,0,255,0,0
18:01:23,,0,0,0,0,29,0,255,0,0
18:01:24,,0,0,0,0,29,0,255,0,0
18:01:25,,0,0,0,0,29,0,255,0,0
18:01:26,,0,0,0,0,29,0,255,0,0
18:01:27,,0,0,0,0,29,0,255,0,0
18:01:28,,0,0,0,0,29,0,255,0,0
18:01:29,,0,0,0,0,29,0,255,0,0
18:01:30,,0,0,0,0,29,0,255,0,0
18:01:41,,0,0,0,0,29,0,255,0,0
18:02:42,,0,0,0,0,29,0,255,0,0
18:02:43,,0,0,0,0,29,0,255,0,0
18:02:44,,0,0,0,0,29,0,255,0,0
18:02:45,,0,0,0,0,29,0,255,0,0
18:02:46,,0,0,0,0,29,0,255,0,0
18:03:05,,0,0,0,0,29,0,255,0,0
18:03:47,,0,0,0,0,29,0,255,0,0
18:03:48,,0,0,0,0,29,0,255,0,0
18:03:51,,0,0,0,0,29,0,255,0,0
18:03:53,,0,0,0,0,29,0,255,0,0
18:03:54,,0,0,0,0,29,0,255,0,0
18:04:43,,0,0,0,0,29,0,255,0,0
18:04:46,,0,0,0,0,29,0,255,0,0
18:05:07,,0,0,0,0,29,0,255,0,0
18:05:08,,0,0,0,0,29,0,255,0,0
